tx_id,account_id,receiver_id,timestamp,amount,merchant,is_injected_anomaly,anomaly_type
TX000001,ACC0030,MRC0030,2026-01-01 07:02:23,230.13,Utilities,0,normal
TX000002,ACC0002,MRC0003,2026-01-01 07:05:50,45.02,Restaurant,0,normal
TX000003,ACC0026,MRC0032,2026-01-01 07:24:14,96.19,Pharmacy,0,normal
TX000004,ACC0028,MRC0030,2026-01-01 07:28:18,249.09,Fuel,0,normal
TX000005,ACC0058,MRC0030,2026-01-01 07:32:36,44.66,Restaurant,0,normal
TX000006,ACC0018,MRC0038,2026-01-01 07:33:11,168.85,Pharmacy,0,normal
TX000007,ACC0022,MRC0031,2026-01-01 07:48:56,60.62,Utilities,0,normal
TX000008,ACC0005,MRC0031,2026-01-01 07:55:42,146.97,Utilities,0,normal
TX000009,ACC0052,MRC0013,2026-01-01 07:59:11,100.88,Utilities,0,normal
TX000010,ACC0009,MRC0008,2026-01-01 08:01:52,32.62,Restaurant,0,normal
TX000011,ACC0028,MRC0033,2026-01-01 08:09:03,155.86,Transport,0,normal
TX000012,ACC0002,ACC0009,2026-01-01 08:51:23,37.84,Grocery,0,normal
TX000013,ACC0056,MRC0024,2026-01-01 09:04:52,23.21,Utilities,0,normal
TX000014,ACC0007,MRC0016,2026-01-01 09:17:45,26.59,Transport,0,normal
TX000015,ACC0044,MRC0011,2026-01-01 09:24:27,121.9,Transport,0,normal
TX000016,ACC0025,MRC0007,2026-01-01 09:35:03,172.07,Grocery,0,normal
TX000017,ACC0053,MRC0004,2026-01-01 09:57:24,145.2,Fuel,0,normal
TX000018,ACC0050,MRC0018,2026-01-01 10:03:59,74.34,Utilities,0,normal
TX000019,ACC0011,MRC0035,2026-01-01 10:05:12,159.84,Pharmacy,0,normal
TX000020,ACC0006,MRC0012,2026-01-01 10:07:44,126.03,Restaurant,0,normal
TX000021,ACC0012,MRC0002,2026-01-01 10:20:33,94.28,Fuel,0,normal
TX000022,ACC0056,MRC0013,2026-01-01 10:28:20,31.12,Fuel,0,normal
TX000023,ACC0019,MRC0035,2026-01-01 10:31:01,208.98,Restaurant,0,normal
TX000024,ACC0022,MRC0022,2026-01-01 10:53:55,93.69,Utilities,0,normal
TX000025,ACC0042,ACC0034,2026-01-01 10:59:47,128.95,Restaurant,0,normal
TX000026,ACC0057,MRC0017,2026-01-01 11:06:02,55.5,Pharmacy,0,normal
TX000027,ACC0018,MRC0038,2026-01-01 11:10:07,93.1,Transport,0,normal
TX000028,ACC0017,MRC0032,2026-01-01 11:10:24,157.6,Online Shop,0,normal
TX000029,ACC0019,MRC0035,2026-01-01 11:30:17,114.54,Online Shop,0,normal
TX000030,ACC0007,MRC0037,2026-01-01 11:30:50,20.31,Utilities,0,normal
TX000031,ACC0048,MRC0027,2026-01-01 11:35:18,97.67,Grocery,0,normal
TX000032,ACC0020,MRC0009,2026-01-01 11:37:00,195.42,Pharmacy,0,normal
TX000033,ACC0028,MRC0020,2026-01-01 11:38:18,46.01,Utilities,0,normal
TX000034,ACC0058,ACC0015,2026-01-01 11:42:46,16.43,Utilities,0,normal
TX000035,ACC0041,MRC0036,2026-01-01 11:46:33,139.88,Online Shop,0,normal
TX000036,ACC0044,MRC0019,2026-01-01 11:50:37,77.28,Online Shop,0,normal
TX000037,ACC0020,MRC0013,2026-01-01 11:54:38,276.17,Transport,0,normal
TX000038,ACC0004,MRC0035,2026-01-01 11:56:40,91.0,Grocery,0,normal
TX000039,ACC0028,MRC0033,2026-01-01 12:06:04,128.15,Fuel,0,normal
TX000040,ACC0057,MRC0023,2026-01-01 12:13:32,99.48,Utilities,0,normal
TX000041,ACC0008,MRC0015,2026-01-01 12:27:36,50.41,Pharmacy,0,normal
TX000042,ACC0019,MRC0008,2026-01-01 12:30:21,223.75,Transport,0,normal
TX000043,ACC0019,MRC0008,2026-01-01 12:31:26,186.86,Utilities,0,normal
TX000044,ACC0007,MRC0016,2026-01-01 12:32:51,32.02,Utilities,0,normal
TX000045,ACC0039,MRC0024,2026-01-01 12:42:18,165.66,Utilities,0,normal
TX000046,ACC0001,ACC0007,2026-01-01 12:46:24,294.47,Restaurant,0,normal
TX000047,ACC0034,MRC0023,2026-01-01 12:51:15,43.44,Utilities,0,normal
TX000048,ACC0020,MRC0023,2026-01-01 12:53:45,180.24,Online Shop,0,normal
TX000049,ACC0001,MRC0024,2026-01-01 12:58:12,101.25,Online Shop,0,normal
TX000050,ACC0019,MRC0035,2026-01-01 12:58:54,191.43,Fuel,0,normal
TX000051,ACC0050,ACC0028,2026-01-01 13:02:09,102.14,Grocery,0,normal
TX000052,ACC0002,MRC0005,2026-01-01 13:02:27,37.97,Online Shop,0,normal
TX000053,ACC0033,MRC0014,2026-01-01 13:13:11,152.96,Pharmacy,0,normal
TX000054,ACC0028,MRC0010,2026-01-01 13:19:53,170.46,Utilities,0,normal
TX000055,ACC0047,MRC0027,2026-01-01 13:25:08,30.27,Restaurant,0,normal
TX000056,ACC0043,MRC0028,2026-01-01 13:29:10,49.98,Utilities,0,normal
TX000057,ACC0022,MRC0022,2026-01-01 13:34:43,78.13,Utilities,0,normal
TX000058,ACC0028,MRC0030,2026-01-01 13:35:23,100.52,Online Shop,0,normal
TX000059,ACC0030,MRC0038,2026-01-01 13:37:16,216.32,Restaurant,0,normal
TX000060,ACC0040,MRC0009,2026-01-01 13:41:02,29.43,Transport,0,normal
TX000061,ACC0035,MRC0037,2026-01-01 13:41:20,148.94,Transport,0,normal
TX000062,ACC0032,MRC0023,2026-01-01 13:43:42,246.43,Fuel,0,normal
TX000063,ACC0003,MRC0037,2026-01-01 13:46:16,31.21,Online Shop,0,normal
TX000064,ACC0001,MRC0038,2026-01-01 13:53:18,131.15,Grocery,0,normal
TX000065,ACC0057,MRC0011,2026-01-01 13:54:12,83.47,Online Shop,0,normal
TX000066,ACC0012,MRC0014,2026-01-01 14:02:04,104.31,Fuel,0,normal
TX000067,ACC0011,MRC0022,2026-01-01 14:16:16,185.1,Fuel,0,normal
TX000068,ACC0016,ACC0015,2026-01-01 14:18:29,152.09,Grocery,0,normal
TX000069,ACC0040,MRC0027,2026-01-01 14:18:51,19.03,Grocery,0,normal
TX000070,ACC0036,MRC0008,2026-01-01 14:21:52,25.7,Utilities,0,normal
TX000071,ACC0018,ACC0050,2026-01-01 14:32:07,135.44,Fuel,0,normal
TX000072,ACC0010,MRC0016,2026-01-01 14:40:15,105.18,Online Shop,0,normal
TX000073,ACC0002,MRC0037,2026-01-01 14:41:05,29.32,Transport,0,normal
TX000074,ACC0015,MRC0005,2026-01-01 14:41:36,61.11,Online Shop,0,normal
TX000075,ACC0006,MRC0005,2026-01-01 14:42:58,152.23,Transport,0,normal
TX000076,ACC0039,MRC0004,2026-01-01 14:47:26,94.76,Utilities,0,normal
TX000077,ACC0047,MRC0036,2026-01-01 14:47:36,59.39,Restaurant,0,normal
TX000078,ACC0054,MRC0023,2026-01-01 14:49:27,156.05,Grocery,0,normal
TX000079,ACC0051,MRC0024,2026-01-01 14:57:16,39.71,Restaurant,0,normal
TX000080,ACC0027,MRC0026,2026-01-01 14:57:22,225.38,Utilities,0,normal
TX000081,ACC0058,MRC0029,2026-01-01 15:01:12,40.5,Restaurant,0,normal
TX000082,ACC0023,MRC0017,2026-01-01 15:01:42,119.37,Online Shop,0,normal
TX000083,ACC0057,MRC0017,2026-01-01 15:04:03,38.94,Pharmacy,0,normal
TX000084,ACC0026,MRC0000,2026-01-01 15:05:35,92.42,Transport,0,normal
TX000085,ACC0043,MRC0007,2026-01-01 15:05:59,21.04,Fuel,0,normal
TX000086,ACC0047,MRC0038,2026-01-01 15:08:08,101.6,Online Shop,0,normal
TX000087,ACC0011,MRC0027,2026-01-01 15:27:39,197.8,Transport,0,normal
TX000088,ACC0016,MRC0030,2026-01-01 15:38:08,65.27,Grocery,0,normal
TX000089,ACC0052,MRC0007,2026-01-01 15:38:32,83.45,Grocery,0,normal
TX000090,ACC0010,MRC0036,2026-01-01 15:43:45,154.81,Pharmacy,0,normal
TX000091,ACC0038,MRC0035,2026-01-01 15:46:03,61.25,Grocery,0,normal
TX000092,ACC0006,MRC0012,2026-01-01 15:50:31,80.45,Restaurant,0,normal
TX000093,ACC0058,MRC0032,2026-01-01 15:55:16,36.56,Transport,0,normal
TX000094,ACC0054,MRC0039,2026-01-01 15:59:14,236.34,Grocery,0,normal
TX000095,ACC0032,MRC0024,2026-01-01 16:12:41,211.63,Utilities,0,normal
TX000096,ACC0003,MRC0016,2026-01-01 16:19:33,25.45,Fuel,0,normal
TX000097,ACC0020,MRC0013,2026-01-01 16:21:05,62.43,Utilities,0,normal
TX000098,ACC0027,MRC0039,2026-01-01 16:21:12,138.22,Pharmacy,0,normal
TX000099,ACC0033,MRC0014,2026-01-01 16:24:46,200.18,Fuel,0,normal
TX000100,ACC0003,ACC0004,2026-01-01 16:24:51,16.26,Utilities,0,normal
TX000101,ACC0052,MRC0024,2026-01-01 16:29:13,33.06,Online Shop,0,normal
TX000102,ACC0035,MRC0014,2026-01-01 16:29:16,149.36,Transport,0,normal
TX000103,ACC0048,MRC0027,2026-01-01 16:40:42,194.32,Fuel,0,normal
TX000104,ACC0056,MRC0010,2026-01-01 16:41:56,22.69,Restaurant,0,normal
TX000105,ACC0028,MRC0033,2026-01-01 16:47:17,109.59,Fuel,0,normal
TX000106,ACC0042,ACC0025,2026-01-01 16:47:57,69.09,Utilities,0,normal
TX000107,ACC0022,MRC0023,2026-01-01 16:57:54,76.24,Restaurant,0,normal
TX000108,ACC0026,MRC0003,2026-01-01 17:03:32,118.1,Restaurant,0,normal
TX000109,ACC0034,MRC0037,2026-01-01 17:04:22,141.79,Pharmacy,0,normal
TX000110,ACC0055,ACC0032,2026-01-01 17:07:54,65.88,Transport,0,normal
TX000111,ACC0007,MRC0016,2026-01-01 17:11:59,50.37,Fuel,0,normal
TX000112,ACC0056,MRC0024,2026-01-01 17:18:00,27.34,Online Shop,0,normal
TX000113,ACC0007,MRC0016,2026-01-01 17:24:17,16.57,Grocery,0,normal
TX000114,ACC0022,ACC0050,2026-01-01 17:27:12,80.23,Transport,0,normal
TX000115,ACC0023,MRC0027,2026-01-01 17:30:45,153.04,Restaurant,0,normal
TX000116,ACC0007,MRC0037,2026-01-01 17:43:59,22.55,Restaurant,0,normal
TX000117,ACC0026,MRC0000,2026-01-01 17:55:16,119.63,Fuel,0,normal
TX000118,ACC0057,MRC0017,2026-01-01 18:00:36,37.0,Pharmacy,0,normal
TX000119,ACC0052,MRC0024,2026-01-01 18:01:25,36.88,Fuel,0,normal
TX000120,ACC0047,MRC0031,2026-01-01 18:02:24,124.48,Pharmacy,0,normal
TX000121,ACC0008,MRC0024,2026-01-01 18:04:30,115.82,Online Shop,0,normal
TX000122,ACC0031,MRC0013,2026-01-01 18:45:29,47.75,Utilities,0,normal
TX000123,ACC0027,MRC0014,2026-01-01 19:01:58,86.09,Fuel,0,normal
TX000124,ACC0054,MRC0010,2026-01-01 19:10:07,182.05,Utilities,0,normal
TX000125,ACC0056,MRC0010,2026-01-01 19:14:41,29.47,Grocery,0,normal
TX000126,ACC0042,MRC0022,2026-01-01 19:20:29,124.92,Utilities,0,normal
TX000127,ACC0008,MRC0029,2026-01-01 19:26:49,98.59,Grocery,0,normal
TX000128,ACC0047,ACC0053,2026-01-01 19:29:09,32.72,Online Shop,0,normal
TX000129,ACC0035,MRC0014,2026-01-01 19:31:00,106.94,Grocery,0,normal
TX000130,ACC0006,MRC0010,2026-01-01 20:18:22,135.42,Grocery,0,normal
TX000131,ACC0049,MRC0010,2026-01-01 20:22:02,65.07,Online Shop,0,normal
TX000132,ACC0046,MRC0005,2026-01-01 20:33:12,21.85,Pharmacy,0,normal
TX000133,ACC0020,MRC0009,2026-01-01 20:59:16,210.77,Online Shop,0,normal
TX000134,ACC0011,MRC0001,2026-01-01 21:09:17,97.01,Online Shop,0,normal
TX000135,ACC0007,MRC0016,2026-01-01 21:28:17,29.44,Online Shop,0,normal
TX000136,ACC0020,MRC0009,2026-01-01 21:31:56,119.25,Utilities,0,normal
TX000137,ACC0025,MRC0010,2026-01-01 21:35:21,86.77,Utilities,0,normal
TX000138,ACC0024,MRC0013,2026-01-01 21:59:42,153.09,Fuel,0,normal
TX000139,ACC0037,MRC0034,2026-01-01 22:10:36,58.22,Online Shop,0,normal
TX000140,ACC0010,MRC0009,2026-01-01 22:17:28,251.68,Utilities,0,normal
TX000141,ACC0025,MRC0010,2026-01-01 22:44:48,197.83,Fuel,0,normal
TX000142,ACC0059,ACC0019,2026-01-02 07:08:12,77.85,Online Shop,0,normal
TX000143,ACC0002,MRC0003,2026-01-02 07:11:17,18.56,Pharmacy,0,normal
TX000144,ACC0004,MRC0021,2026-01-02 07:17:18,35.97,Restaurant,0,normal
TX000145,ACC0054,MRC0033,2026-01-02 07:23:09,72.08,Transport,0,normal
TX000146,ACC0005,MRC0031,2026-01-02 07:31:51,115.17,Transport,0,normal
TX000147,ACC0005,MRC0004,2026-01-02 07:49:25,193.91,Pharmacy,0,normal
TX000148,ACC0033,ACC0057,2026-01-02 07:53:25,389.02,Transport,0,normal
TX000149,ACC0011,MRC0022,2026-01-02 07:54:54,79.69,Pharmacy,0,normal
TX000150,ACC0042,MRC0033,2026-01-02 08:25:45,115.97,Fuel,0,normal
TX000151,ACC0019,MRC0005,2026-01-02 08:39:12,201.67,Online Shop,0,normal
TX000152,ACC0011,MRC0001,2026-01-02 08:47:32,124.47,Utilities,0,normal
TX000153,ACC0026,MRC0000,2026-01-02 09:10:09,84.87,Restaurant,0,normal
TX000154,ACC0031,MRC0030,2026-01-02 09:11:25,35.08,Fuel,0,normal
TX000155,ACC0047,ACC0053,2026-01-02 09:16:27,26.91,Fuel,0,normal
TX000156,ACC0006,MRC0012,2026-01-02 09:26:15,132.58,Pharmacy,0,normal
TX000157,ACC0018,MRC0003,2026-01-02 09:31:22,249.81,Restaurant,0,normal
TX000158,ACC0020,MRC0017,2026-01-02 09:49:19,148.59,Restaurant,0,normal
TX000159,ACC0019,MRC0005,2026-01-02 10:06:20,154.34,Restaurant,0,normal
TX000160,ACC0006,MRC0012,2026-01-02 10:06:37,111.6,Transport,0,normal
TX000161,ACC0025,MRC0010,2026-01-02 10:16:06,139.77,Online Shop,0,normal
TX000162,ACC0051,MRC0038,2026-01-02 10:32:29,51.12,Utilities,0,normal
TX000163,ACC0060,MRC0034,2026-01-02 10:35:12,265.08,Online Shop,0,normal
TX000164,ACC0004,MRC0021,2026-01-02 10:51:33,98.11,Restaurant,0,normal
TX000165,ACC0033,MRC0004,2026-01-02 10:54:57,165.46,Transport,0,normal
TX000166,ACC0060,MRC0004,2026-01-02 11:03:56,207.05,Online Shop,0,normal
TX000167,ACC0050,MRC0018,2026-01-02 11:06:59,88.11,Pharmacy,0,normal
TX000168,ACC0031,MRC0000,2026-01-02 11:15:13,60.42,Online Shop,0,normal
TX000169,ACC0054,MRC0010,2026-01-02 11:24:10,169.39,Restaurant,0,normal
TX000170,ACC0003,MRC0029,2026-01-02 11:26:52,46.99,Utilities,0,normal
TX000171,ACC0025,MRC0034,2026-01-02 11:34:29,142.67,Restaurant,0,normal
TX000172,ACC0033,MRC0038,2026-01-02 11:35:26,325.26,Grocery,0,normal
TX000173,ACC0059,MRC0019,2026-01-02 11:38:02,91.38,Grocery,0,normal
TX000174,ACC0013,MRC0012,2026-01-02 11:44:12,110.56,Restaurant,0,normal
TX000175,ACC0056,MRC0036,2026-01-02 11:53:10,19.49,Utilities,0,normal
TX000176,ACC0053,MRC0002,2026-01-02 11:53:35,97.34,Restaurant,0,normal
TX000177,ACC0009,MRC0008,2026-01-02 11:58:58,31.07,Utilities,0,normal
TX000178,ACC0024,MRC0018,2026-01-02 12:03:07,148.63,Grocery,0,normal
TX000179,ACC0007,MRC0016,2026-01-02 12:06:20,18.5,Grocery,0,normal
TX000180,ACC0031,MRC0013,2026-01-02 12:15:35,19.41,Transport,0,normal
TX000181,ACC0040,MRC0027,2026-01-02 12:24:03,48.38,Online Shop,0,normal
TX000182,ACC0053,MRC0022,2026-01-02 12:24:26,78.18,Fuel,0,normal
TX000183,ACC0040,MRC0030,2026-01-02 12:27:31,24.11,Utilities,0,normal
TX000184,ACC0053,MRC0022,2026-01-02 12:32:57,173.94,Grocery,0,normal
TX000185,ACC0058,MRC0025,2026-01-02 12:38:29,37.85,Utilities,0,normal
TX000186,ACC0060,ACC0029,2026-01-02 12:41:41,273.15,Pharmacy,0,normal
TX000187,ACC0007,MRC0013,2026-01-02 12:44:47,20.07,Online Shop,0,normal
TX000188,ACC0041,MRC0036,2026-01-02 12:48:50,147.22,Online Shop,0,normal
TX000189,ACC0022,ACC0050,2026-01-02 12:52:54,148.96,Utilities,0,normal
TX000190,ACC0003,ACC0016,2026-01-02 13:01:55,36.53,Fuel,0,normal
TX000191,ACC0046,MRC0037,2026-01-02 13:03:19,37.08,Pharmacy,0,normal
TX000192,ACC0047,MRC0031,2026-01-02 13:12:10,46.29,Restaurant,0,normal
TX000193,ACC0012,MRC0014,2026-01-02 13:24:32,85.87,Online Shop,0,normal
TX000194,ACC0028,MRC0010,2026-01-02 13:24:41,194.13,Fuel,0,normal
TX000195,ACC0003,MRC0035,2026-01-02 13:28:07,35.34,Fuel,0,normal
TX000196,ACC0049,MRC0031,2026-01-02 13:40:30,145.21,Fuel,0,normal
TX000197,ACC0043,MRC0036,2026-01-02 13:42:14,55.64,Fuel,0,normal
TX000198,ACC0043,MRC0036,2026-01-02 13:46:32,63.34,Restaurant,0,normal
TX000199,ACC0023,MRC0011,2026-01-02 13:50:05,169.29,Grocery,0,normal
TX000200,ACC0053,MRC0004,2026-01-02 13:53:39,80.06,Grocery,0,normal
TX000201,ACC0036,MRC0008,2026-01-02 14:09:34,30.72,Transport,0,normal
TX000202,ACC0060,MRC0035,2026-01-02 14:22:43,305.17,Utilities,0,normal
TX000203,ACC0020,MRC0009,2026-01-02 14:23:42,96.03,Online Shop,0,normal
TX000204,ACC0049,MRC0025,2026-01-02 14:31:20,97.02,Fuel,0,normal
TX000205,ACC0008,MRC0024,2026-01-02 14:31:52,47.23,Fuel,0,normal
TX000206,ACC0027,MRC0039,2026-01-02 14:46:58,277.17,Utilities,0,normal
TX000207,ACC0008,MRC0015,2026-01-02 14:48:50,66.6,Fuel,0,normal
TX000208,ACC0021,MRC0014,2026-01-02 14:58:34,92.41,Fuel,0,normal
TX000209,ACC0045,MRC0010,2026-01-02 15:12:10,67.42,Fuel,0,normal
TX000210,ACC0013,MRC0032,2026-01-02 15:14:41,35.16,Restaurant,0,normal
TX000211,ACC0042,MRC0029,2026-01-02 15:14:48,76.07,Transport,0,normal
TX000212,ACC0025,MRC0034,2026-01-02 15:30:45,103.58,Online Shop,0,normal
TX000213,ACC0031,MRC0013,2026-01-02 15:31:35,90.19,Restaurant,0,normal
TX000214,ACC0002,MRC0003,2026-01-02 15:33:35,62.11,Transport,0,normal
TX000215,ACC0042,MRC0030,2026-01-02 15:35:49,51.07,Restaurant,0,normal
TX000216,ACC0022,MRC0023,2026-01-02 15:45:38,111.68,Utilities,0,normal
TX000217,ACC0023,MRC0011,2026-01-02 15:46:31,127.22,Grocery,0,normal
TX000218,ACC0056,MRC0013,2026-01-02 15:57:21,33.27,Utilities,0,normal
TX000219,ACC0049,MRC0010,2026-01-02 16:04:10,110.11,Transport,0,normal
TX000220,ACC0047,MRC0027,2026-01-02 16:06:18,95.38,Fuel,0,normal
TX000221,ACC0035,ACC0053,2026-01-02 16:07:06,152.87,Online Shop,0,normal
TX000222,ACC0009,ACC0042,2026-01-02 16:25:02,40.4,Utilities,0,normal
TX000223,ACC0010,MRC0004,2026-01-02 17:12:29,381.46,Utilities,0,normal
TX000224,ACC0023,MRC0004,2026-01-02 17:31:55,143.32,Fuel,0,normal
TX000225,ACC0046,MRC0013,2026-01-02 17:36:40,51.12,Online Shop,0,normal
TX000226,ACC0029,MRC0038,2026-01-02 17:39:14,141.1,Utilities,0,normal
TX000227,ACC0010,ACC0003,2026-01-02 17:44:21,257.21,Utilities,0,normal
TX000228,ACC0024,MRC0034,2026-01-02 17:55:03,48.76,Transport,0,normal
TX000229,ACC0003,MRC0029,2026-01-02 18:02:03,40.25,Restaurant,0,normal
TX000230,ACC0027,MRC0033,2026-01-02 18:10:02,304.06,Transport,0,normal
TX000231,ACC0041,ACC0033,2026-01-02 18:15:18,73.91,Utilities,0,normal
TX000232,ACC0013,MRC0032,2026-01-02 18:17:24,45.68,Fuel,0,normal
TX000233,ACC0047,MRC0036,2026-01-02 18:32:13,51.92,Pharmacy,0,normal
TX000234,ACC0053,MRC0022,2026-01-02 18:35:08,78.32,Utilities,0,normal
TX000235,ACC0016,MRC0029,2026-01-02 18:42:34,45.23,Grocery,0,normal
TX000236,ACC0046,MRC0015,2026-01-02 18:53:14,53.51,Transport,0,normal
TX000237,ACC0027,MRC0014,2026-01-02 19:19:00,234.42,Fuel,0,normal
TX000238,ACC0010,MRC0016,2026-01-02 20:16:51,210.44,Pharmacy,0,normal
TX000239,ACC0002,MRC0035,2026-01-02 20:26:55,40.43,Transport,0,normal
TX000240,ACC0019,MRC0022,2026-01-02 20:30:10,180.03,Pharmacy,0,normal
TX000241,ACC0053,MRC0022,2026-01-02 20:30:12,47.64,Online Shop,0,normal
TX000242,ACC0038,MRC0035,2026-01-02 20:46:39,59.34,Online Shop,0,normal
TX000243,ACC0031,MRC0000,2026-01-02 21:37:36,32.4,Restaurant,0,normal
TX000244,ACC0060,MRC0038,2026-01-02 22:02:58,242.15,Transport,0,normal
TX000245,ACC0029,MRC0009,2026-01-02 22:09:58,202.63,Grocery,0,normal
TX000246,ACC0003,MRC0016,2026-01-02 22:47:03,50.5,Fuel,0,normal
TX000247,ACC0028,MRC0033,2026-01-02 22:55:17,120.04,Utilities,0,normal
TX000248,ACC0060,MRC0036,2026-01-03 03:06:00,129.81,Online Shop,1,odd_hour
TX000249,ACC0010,MRC0009,2026-01-03 07:04:41,273.31,Grocery,0,normal
TX000250,ACC0058,ACC0015,2026-01-03 07:06:27,15.96,Grocery,0,normal
TX000251,ACC0051,MRC0037,2026-01-03 07:06:44,42.39,Utilities,0,normal
TX000252,ACC0021,MRC0011,2026-01-03 07:22:53,73.63,Utilities,0,normal
TX000253,ACC0053,MRC0004,2026-01-03 07:35:03,157.64,Pharmacy,0,normal
TX000254,ACC0039,ACC0008,2026-01-03 08:00:27,93.03,Fuel,0,normal
TX000255,ACC0052,MRC0007,2026-01-03 08:06:31,27.76,Grocery,0,normal
TX000256,ACC0027,MRC0026,2026-01-03 08:08:16,231.5,Pharmacy,0,normal
TX000257,ACC0008,MRC0029,2026-01-03 08:19:50,74.5,Fuel,0,normal
TX000258,ACC0042,MRC0030,2026-01-03 08:29:24,138.87,Utilities,0,normal
TX000259,ACC0039,MRC0006,2026-01-03 08:46:13,92.69,Restaurant,0,normal
TX000260,ACC0030,MRC0005,2026-01-03 08:53:47,313.9,Utilities,0,normal
TX000261,ACC0006,ACC0056,2026-01-03 09:03:24,86.0,Fuel,0,normal
TX000262,ACC0018,ACC0038,2026-01-03 09:04:11,84.06,Pharmacy,0,normal
TX000263,ACC0028,MRC0020,2026-01-03 09:04:14,182.57,Utilities,0,normal
TX000264,ACC0019,MRC0022,2026-01-03 09:26:07,115.49,Pharmacy,0,normal
TX000265,ACC0043,MRC0037,2026-01-03 09:29:48,29.22,Transport,0,normal
TX000266,ACC0054,MRC0039,2026-01-03 09:36:30,82.66,Utilities,0,normal
TX000267,ACC0056,MRC0010,2026-01-03 09:39:42,23.36,Utilities,0,normal
TX000268,ACC0043,MRC0028,2026-01-03 09:52:18,63.96,Fuel,0,normal
TX000269,ACC0058,MRC0025,2026-01-03 10:19:56,21.96,Online Shop,0,normal
TX000270,ACC0043,MRC0028,2026-01-03 10:24:44,45.66,Fuel,0,normal
TX000271,ACC0028,MRC0010,2026-01-03 10:25:42,178.51,Restaurant,0,normal
TX000272,ACC0028,MRC0010,2026-01-03 10:30:45,186.6,Fuel,0,normal
TX000273,ACC0023,MRC0027,2026-01-03 10:31:03,88.52,Grocery,0,normal
TX000274,ACC0035,MRC0034,2026-01-03 10:33:35,86.62,Grocery,0,normal
TX000275,ACC0050,MRC0018,2026-01-03 10:48:34,86.79,Online Shop,0,normal
TX000276,ACC0021,MRC0011,2026-01-03 11:00:55,66.94,Fuel,0,normal
TX000277,ACC0055,MRC0003,2026-01-03 11:03:39,55.4,Utilities,0,normal
TX000278,ACC0028,MRC0033,2026-01-03 11:17:38,74.32,Utilities,0,normal
TX000279,ACC0011,MRC0027,2026-01-03 11:28:59,156.95,Transport,0,normal
TX000280,ACC0036,MRC0037,2026-01-03 11:29:20,47.24,Pharmacy,0,normal
TX000281,ACC0017,ACC0038,2026-01-03 11:44:45,170.96,Grocery,0,normal
TX000282,ACC0022,ACC0050,2026-01-03 11:49:39,121.81,Restaurant,0,normal
TX000283,ACC0007,MRC0021,2026-01-03 11:50:37,37.89,Online Shop,0,normal
TX000284,ACC0016,MRC0009,2026-01-03 11:52:14,120.85,Transport,0,normal
TX000285,ACC0033,MRC0014,2026-01-03 11:56:14,92.07,Fuel,0,normal
TX000286,ACC0041,MRC0036,2026-01-03 11:56:32,307.27,Restaurant,0,normal
TX000287,ACC0031,MRC0021,2026-01-03 12:08:50,37.19,Transport,0,normal
TX000288,ACC0052,MRC0013,2026-01-03 12:11:21,95.33,Pharmacy,0,normal
TX000289,ACC0018,ACC0038,2026-01-03 12:18:18,82.37,Fuel,0,normal
TX000290,ACC0023,MRC0027,2026-01-03 12:18:41,338.5,Fuel,0,normal
TX000291,ACC0044,MRC0011,2026-01-03 12:31:12,209.35,Grocery,0,normal
TX000292,ACC0028,MRC0030,2026-01-03 12:33:09,92.06,Fuel,0,normal
TX000293,ACC0009,MRC0024,2026-01-03 12:52:39,58.99,Online Shop,0,normal
TX000294,ACC0054,MRC0023,2026-01-03 12:57:17,136.86,Online Shop,0,normal
TX000295,ACC0025,MRC0016,2026-01-03 12:58:39,144.12,Restaurant,0,normal
TX000296,ACC0046,MRC0037,2026-01-03 12:58:40,20.25,Grocery,0,normal
TX000297,ACC0052,MRC0013,2026-01-03 13:00:07,47.23,Transport,0,normal
TX000298,ACC0019,MRC0035,2026-01-03 13:00:15,82.13,Pharmacy,0,normal
TX000299,ACC0007,MRC0021,2026-01-03 13:11:50,10.41,Grocery,0,normal
TX000300,ACC0036,MRC0031,2026-01-03 13:24:14,34.63,Fuel,0,normal
TX000301,ACC0055,MRC0037,2026-01-03 13:34:54,65.54,Restaurant,0,normal
TX000302,ACC0051,MRC0024,2026-01-03 13:35:10,70.03,Restaurant,0,normal
TX000303,ACC0020,MRC0017,2026-01-03 13:44:55,120.41,Pharmacy,0,normal
TX000304,ACC0023,MRC0004,2026-01-03 13:49:33,171.44,Grocery,0,normal
TX000305,ACC0040,MRC0009,2026-01-03 13:51:01,32.64,Transport,0,normal
TX000306,ACC0048,MRC0015,2026-01-03 13:51:09,148.78,Pharmacy,0,normal
TX000307,ACC0013,ACC0016,2026-01-03 13:54:01,37.82,Grocery,0,normal
TX000308,ACC0053,MRC0004,2026-01-03 14:03:50,73.34,Pharmacy,0,normal
TX000309,ACC0051,MRC0028,2026-01-03 14:10:32,126.72,Transport,0,normal
TX000310,ACC0034,MRC0037,2026-01-03 14:12:13,51.6,Transport,0,normal
TX000311,ACC0026,MRC0007,2026-01-03 14:16:43,97.99,Pharmacy,0,normal
TX000312,ACC0015,MRC0022,2026-01-03 14:24:59,71.13,Online Shop,0,normal
TX000313,ACC0028,MRC0033,2026-01-03 14:31:35,56.6,Restaurant,0,normal
TX000314,ACC0010,MRC0016,2026-01-03 14:34:55,142.04,Transport,0,normal
TX000315,ACC0051,ACC0001,2026-01-03 14:43:40,68.73,Transport,0,normal
TX000316,ACC0051,ACC0055,2026-01-03 14:44:52,117.55,Utilities,0,normal
TX000317,ACC0001,MRC0038,2026-01-03 14:45:33,218.81,Pharmacy,0,normal
TX000318,ACC0043,MRC0007,2026-01-03 14:51:55,58.57,Transport,0,normal
TX000319,ACC0043,MRC0036,2026-01-03 14:57:37,76.04,Pharmacy,0,normal
TX000320,ACC0055,MRC0001,2026-01-03 15:09:18,66.38,Restaurant,0,normal
TX000321,ACC0014,MRC0000,2026-01-03 15:14:00,146.55,Fuel,0,normal
TX000322,ACC0023,MRC0027,2026-01-03 15:15:20,111.53,Pharmacy,0,normal
TX000323,ACC0045,MRC0010,2026-01-03 15:31:01,82.46,Grocery,0,normal
TX000324,ACC0030,MRC0016,2026-01-03 15:50:08,165.53,Transport,0,normal
TX000325,ACC0003,MRC0037,2026-01-03 15:56:18,13.38,Grocery,0,normal
TX000326,ACC0002,MRC0037,2026-01-03 15:59:25,25.91,Online Shop,0,normal
TX000327,ACC0003,MRC0037,2026-01-03 16:07:39,16.14,Grocery,0,normal
TX000328,ACC0052,MRC0024,2026-01-03 16:11:51,34.12,Pharmacy,0,normal
TX000329,ACC0053,ACC0051,2026-01-03 16:16:12,84.05,Utilities,0,normal
TX000330,ACC0004,ACC0037,2026-01-03 16:17:43,65.62,Utilities,0,normal
TX000331,ACC0018,ACC0038,2026-01-03 16:30:02,118.58,Transport,0,normal
TX000332,ACC0020,MRC0009,2026-01-03 16:34:54,133.01,Online Shop,0,normal
TX000333,ACC0004,MRC0035,2026-01-03 16:34:55,35.16,Utilities,0,normal
TX000334,ACC0025,MRC0034,2026-01-03 16:40:21,94.99,Grocery,0,normal
TX000335,ACC0011,MRC0035,2026-01-03 17:14:45,107.93,Restaurant,0,normal
TX000336,ACC0001,MRC0016,2026-01-03 17:17:02,147.61,Transport,0,normal
TX000337,ACC0044,MRC0003,2026-01-03 17:18:12,92.31,Pharmacy,0,normal
TX000338,ACC0044,MRC0001,2026-01-03 17:24:01,80.76,Grocery,0,normal
TX000339,ACC0054,MRC0023,2026-01-03 17:33:51,112.61,Online Shop,0,normal
TX000340,ACC0034,MRC0018,2026-01-03 17:58:07,39.98,Transport,0,normal
TX000341,ACC0057,MRC0011,2026-01-03 18:18:25,42.61,Transport,0,normal
TX000342,ACC0040,MRC0027,2026-01-03 18:22:35,63.8,Transport,0,normal
TX000343,ACC0050,MRC0018,2026-01-03 18:24:35,82.15,Online Shop,0,normal
TX000344,ACC0008,MRC0024,2026-01-03 18:27:12,149.49,Online Shop,0,normal
TX000345,ACC0006,ACC0056,2026-01-03 18:37:53,162.86,Fuel,0,normal
TX000346,ACC0009,MRC0024,2026-01-03 18:38:35,68.16,Online Shop,0,normal
TX000347,ACC0002,MRC0005,2026-01-03 18:49:03,42.75,Restaurant,0,normal
TX000348,ACC0021,MRC0014,2026-01-03 18:57:09,79.03,Utilities,0,normal
TX000349,ACC0046,MRC0005,2026-01-03 20:02:30,85.62,Fuel,0,normal
TX000350,ACC0006,MRC0004,2026-01-03 20:12:39,94.69,Pharmacy,0,normal
TX000351,ACC0046,MRC0013,2026-01-03 20:50:37,33.22,Fuel,0,normal
TX000352,ACC0047,MRC0031,2026-01-03 21:06:34,49.87,Grocery,0,normal
TX000353,ACC0054,MRC0010,2026-01-03 21:08:58,56.98,Grocery,0,normal
TX000354,ACC0033,MRC0004,2026-01-03 21:45:17,156.22,Transport,0,normal
TX000355,ACC0057,MRC0000,2026-01-03 22:07:14,47.08,Transport,0,normal
TX000356,ACC0005,MRC0036,2026-01-03 22:24:26,174.01,Restaurant,0,normal
TX000357,ACC0007,ACC0021,2026-01-04 07:20:16,16.51,Fuel,0,normal
TX000358,ACC0029,MRC0009,2026-01-04 07:20:53,197.68,Utilities,0,normal
TX000359,ACC0050,MRC0029,2026-01-04 07:30:29,63.56,Transport,0,normal
TX000360,ACC0031,MRC0013,2026-01-04 07:33:59,128.04,Fuel,0,normal
TX000361,ACC0040,MRC0027,2026-01-04 07:36:00,16.6,Grocery,0,normal
TX000362,ACC0008,MRC0024,2026-01-04 07:38:19,123.12,Fuel,0,normal
TX000363,ACC0035,MRC0014,2026-01-04 07:48:11,92.47,Online Shop,0,normal
TX000364,ACC0037,MRC0019,2026-01-04 07:51:23,94.41,Pharmacy,0,normal
TX000365,ACC0027,MRC0014,2026-01-04 07:53:38,394.7,Restaurant,0,normal
TX000366,ACC0031,MRC0000,2026-01-04 07:57:56,38.34,Online Shop,0,normal
TX000367,ACC0060,MRC0038,2026-01-04 08:34:46,227.93,Fuel,0,normal
TX000368,ACC0018,MRC0003,2026-01-04 08:40:57,173.96,Pharmacy,0,normal
TX000369,ACC0053,MRC0002,2026-01-04 08:58:27,159.02,Fuel,0,normal
TX000370,ACC0048,MRC0001,2026-01-04 09:03:20,117.69,Pharmacy,0,normal
TX000371,ACC0001,MRC0034,2026-01-04 09:05:41,160.11,Transport,0,normal
TX000372,ACC0014,MRC0010,2026-01-04 09:14:31,131.27,Utilities,0,normal
TX000373,ACC0031,MRC0013,2026-01-04 09:17:30,107.14,Fuel,0,normal
TX000374,ACC0046,ACC0029,2026-01-04 09:25:45,61.13,Pharmacy,0,normal
TX000375,ACC0001,MRC0016,2026-01-04 09:28:35,107.35,Online Shop,0,normal
TX000376,ACC0047,ACC0021,2026-01-04 09:34:33,97.44,Pharmacy,0,normal
TX000377,ACC0010,MRC0009,2026-01-04 09:37:21,417.98,Online Shop,0,normal
TX000378,ACC0038,MRC0008,2026-01-04 09:43:23,68.33,Pharmacy,0,normal
TX000379,ACC0006,MRC0005,2026-01-04 09:45:10,96.05,Fuel,0,normal
TX000380,ACC0034,MRC0023,2026-01-04 09:47:25,78.35,Transport,0,normal
TX000381,ACC0005,MRC0036,2026-01-04 09:48:26,322.49,Fuel,0,normal
TX000382,ACC0015,MRC0026,2026-01-04 10:00:04,52.58,Fuel,0,normal
TX000383,ACC0014,MRC0004,2026-01-04 10:00:52,313.13,Fuel,0,normal
TX000384,ACC0034,MRC0018,2026-01-04 10:21:41,34.51,Fuel,0,normal
TX000385,ACC0008,MRC0025,2026-01-04 10:28:41,75.09,Pharmacy,0,normal
TX000386,ACC0013,MRC0019,2026-01-04 10:32:43,69.69,Online Shop,0,normal
TX000387,ACC0038,MRC0008,2026-01-04 10:38:44,102.71,Fuel,0,normal
TX000388,ACC0016,MRC0029,2026-01-04 10:52:05,151.35,Utilities,0,normal
TX000389,ACC0017,MRC0034,2026-01-04 10:53:52,214.76,Pharmacy,0,normal
TX000390,ACC0059,ACC0014,2026-01-04 10:57:22,216.25,Pharmacy,0,normal
TX000391,ACC0018,MRC0036,2026-01-04 10:59:51,158.8,Fuel,0,normal
TX000392,ACC0026,MRC0000,2026-01-04 11:23:16,118.44,Fuel,0,normal
TX000393,ACC0042,ACC0025,2026-01-04 11:24:31,73.26,Restaurant,0,normal
TX000394,ACC0024,MRC0018,2026-01-04 11:51:07,110.32,Restaurant,0,normal
TX000395,ACC0035,MRC0034,2026-01-04 11:52:34,69.41,Fuel,0,normal
TX000396,ACC0055,MRC0008,2026-01-04 11:52:41,69.61,Online Shop,0,normal
TX000397,ACC0028,MRC0010,2026-01-04 11:54:53,64.76,Grocery,0,normal
TX000398,ACC0035,MRC0037,2026-01-04 12:09:41,114.95,Transport,0,normal
TX000399,ACC0010,MRC0036,2026-01-04 12:21:05,236.33,Grocery,0,normal
TX000400,ACC0010,ACC0018,2026-01-04 12:28:19,157.31,Grocery,0,normal
TX000401,ACC0018,ACC0038,2026-01-04 12:33:09,156.39,Utilities,0,normal
TX000402,ACC0054,MRC0039,2026-01-04 12:36:58,129.0,Fuel,0,normal
TX000403,ACC0046,MRC0015,2026-01-04 12:42:24,36.66,Online Shop,0,normal
TX000404,ACC0003,MRC0037,2026-01-04 12:45:08,30.02,Pharmacy,0,normal
TX000405,ACC0008,MRC0015,2026-01-04 13:04:24,144.55,Utilities,0,normal
TX000406,ACC0025,ACC0035,2026-01-04 13:11:41,133.28,Pharmacy,0,normal
TX000407,ACC0041,MRC0036,2026-01-04 13:17:15,129.33,Fuel,0,normal
TX000408,ACC0005,MRC0031,2026-01-04 13:24:49,93.1,Transport,0,normal
TX000409,ACC0029,ACC0009,2026-01-04 13:25:16,184.56,Transport,0,normal
TX000410,ACC0020,MRC0017,2026-01-04 13:25:43,87.49,Restaurant,0,normal
TX000411,ACC0001,MRC0024,2026-01-04 13:42:03,192.38,Grocery,0,normal
TX000412,ACC0003,MRC0035,2026-01-04 13:45:02,60.31,Fuel,0,normal
TX000413,ACC0015,MRC0033,2026-01-04 13:51:43,34.81,Online Shop,0,normal
TX000414,ACC0009,MRC0004,2026-01-04 13:53:58,104.67,Pharmacy,0,normal
TX000415,ACC0037,MRC0033,2026-01-04 13:55:22,57.27,Transport,0,normal
TX000416,ACC0003,MRC0035,2026-01-04 14:00:19,29.7,Utilities,0,normal
TX000417,ACC0006,MRC0004,2026-01-04 14:04:40,163.46,Utilities,0,normal
TX000418,ACC0022,MRC0031,2026-01-04 14:07:27,75.56,Fuel,0,normal
TX000419,ACC0031,ACC0024,2026-01-04 14:07:41,53.42,Restaurant,0,normal
TX000420,ACC0002,MRC0037,2026-01-04 14:07:56,34.49,Online Shop,0,normal
TX000421,ACC0052,MRC0013,2026-01-04 14:15:02,46.25,Transport,0,normal
TX000422,ACC0034,MRC0018,2026-01-04 14:18:40,75.91,Utilities,0,normal
TX000423,ACC0041,ACC0018,2026-01-04 14:20:21,348.41,Transport,0,normal
TX000424,ACC0032,MRC0014,2026-01-04 14:22:40,114.94,Restaurant,0,normal
TX000425,ACC0032,MRC0023,2026-01-04 14:33:56,238.24,Restaurant,0,normal
TX000426,ACC0014,MRC0000,2026-01-04 14:35:12,160.6,Online Shop,0,normal
TX000427,ACC0028,MRC0020,2026-01-04 14:35:55,81.79,Pharmacy,0,normal
TX000428,ACC0041,ACC0033,2026-01-04 14:38:13,195.51,Grocery,0,normal
TX000429,ACC0012,MRC0005,2026-01-04 14:39:18,163.69,Restaurant,0,normal
TX000430,ACC0013,MRC0032,2026-01-04 14:40:10,96.07,Fuel,0,normal
TX000431,ACC0020,MRC0017,2026-01-04 14:41:26,117.61,Utilities,0,normal
TX000432,ACC0022,ACC0050,2026-01-04 14:56:12,53.25,Utilities,0,normal
TX000433,ACC0004,MRC0028,2026-01-04 15:05:07,88.72,Fuel,0,normal
TX000434,ACC0053,MRC0039,2026-01-04 15:12:44,203.99,Pharmacy,0,normal
TX000435,ACC0029,ACC0009,2026-01-04 15:13:18,302.85,Transport,0,normal
TX000436,ACC0004,MRC0035,2026-01-04 15:20:10,60.77,Online Shop,0,normal
TX000437,ACC0005,MRC0004,2026-01-04 15:26:18,150.45,Grocery,0,normal
TX000438,ACC0030,MRC0016,2026-01-04 15:26:29,360.97,Transport,0,normal
TX000439,ACC0034,MRC0037,2026-01-04 15:28:28,38.7,Fuel,0,normal
TX000440,ACC0032,MRC0023,2026-01-04 15:32:18,74.46,Utilities,0,normal
TX000441,ACC0005,MRC0023,2026-01-04 15:32:36,131.82,Fuel,0,normal
TX000442,ACC0022,ACC0038,2026-01-04 15:32:37,113.81,Online Shop,0,normal
TX000443,ACC0045,MRC0010,2026-01-04 15:36:48,109.04,Fuel,0,normal
TX000444,ACC0017,ACC0038,2026-01-04 15:40:51,315.08,Online Shop,0,normal
TX000445,ACC0031,MRC0013,2026-01-04 15:50:46,50.88,Online Shop,0,normal
TX000446,ACC0007,MRC0021,2026-01-04 15:54:21,37.89,Utilities,0,normal
TX000447,ACC0059,ACC0019,2026-01-04 16:02:33,237.6,Utilities,0,normal
TX000448,ACC0051,MRC0038,2026-01-04 16:03:50,149.89,Restaurant,0,normal
TX000449,ACC0036,MRC0031,2026-01-04 16:04:07,28.53,Fuel,0,normal
TX000450,ACC0038,MRC0035,2026-01-04 16:14:31,57.89,Utilities,0,normal
TX000451,ACC0050,MRC0029,2026-01-04 16:17:39,45.69,Restaurant,0,normal
TX000452,ACC0026,MRC0000,2026-01-04 16:23:46,177.01,Grocery,0,normal
TX000453,ACC0019,MRC0005,2026-01-04 16:31:35,230.45,Utilities,0,normal
TX000454,ACC0001,MRC0034,2026-01-04 16:33:28,163.97,Transport,0,normal
TX000455,ACC0060,MRC0035,2026-01-04 16:35:47,86.35,Grocery,0,normal
TX000456,ACC0016,MRC0030,2026-01-04 17:17:03,108.08,Online Shop,0,normal
TX000457,ACC0047,MRC0027,2026-01-04 17:19:05,57.45,Pharmacy,0,normal
TX000458,ACC0043,MRC0007,2026-01-04 17:31:26,45.38,Pharmacy,0,normal
TX000459,ACC0054,MRC0033,2026-01-04 17:34:18,110.37,Grocery,0,normal
TX000460,ACC0043,MRC0036,2026-01-04 17:36:35,47.64,Online Shop,0,normal
TX000461,ACC0025,MRC0007,2026-01-04 17:42:32,110.0,Transport,0,normal
TX000462,ACC0054,MRC0033,2026-01-04 17:44:37,122.69,Pharmacy,0,normal
TX000463,ACC0041,MRC0026,2026-01-04 17:48:16,117.22,Grocery,0,normal
TX000464,ACC0014,ACC0029,2026-01-04 17:56:41,190.57,Online Shop,0,normal
TX000465,ACC0016,MRC0029,2026-01-04 18:09:49,110.39,Transport,0,normal
TX000466,ACC0005,MRC0004,2026-01-04 18:22:37,177.84,Transport,0,normal
TX000467,ACC0023,ACC0020,2026-01-04 18:22:56,75.14,Online Shop,0,normal
TX000468,ACC0018,MRC0000,2026-01-04 18:28:26,221.57,Fuel,0,normal
TX000469,ACC0040,MRC0030,2026-01-04 18:30:06,42.27,Pharmacy,0,normal
TX000470,ACC0007,ACC0006,2026-01-04 18:58:31,17.79,Transport,0,normal
TX000471,ACC0059,MRC0035,2026-01-04 19:08:59,217.83,Grocery,0,normal
TX000472,ACC0017,MRC0034,2026-01-04 19:10:29,380.27,Restaurant,0,normal
TX000473,ACC0033,MRC0034,2026-01-04 19:13:16,264.64,Transport,0,normal
TX000474,ACC0036,MRC0008,2026-01-04 19:13:42,27.69,Restaurant,0,normal
TX000475,ACC0019,MRC0005,2026-01-04 19:43:06,353.58,Restaurant,0,normal
TX000476,ACC0037,MRC0013,2026-01-04 19:45:12,105.44,Fuel,0,normal
TX000477,ACC0022,MRC0031,2026-01-04 20:17:40,36.73,Grocery,0,normal
TX000478,ACC0037,MRC0033,2026-01-04 21:33:22,109.74,Online Shop,0,normal
TX000479,ACC0022,MRC0028,2026-01-04 21:52:12,59.88,Grocery,0,normal
TX000480,ACC0048,MRC0001,2026-01-05 07:05:23,109.8,Grocery,0,normal
TX000481,ACC0003,MRC0035,2026-01-05 07:06:28,17.59,Pharmacy,0,normal
TX000482,ACC0053,MRC0022,2026-01-05 07:12:49,115.59,Fuel,0,normal
TX000483,ACC0005,MRC0023,2026-01-05 07:16:58,238.95,Utilities,0,normal
TX000484,ACC0051,MRC0028,2026-01-05 07:25:27,61.22,Grocery,0,normal
TX000485,ACC0049,MRC0025,2026-01-05 07:30:14,145.94,Grocery,0,normal
TX000486,ACC0021,MRC0034,2026-01-05 07:44:51,71.63,Transport,0,normal
TX000487,ACC0036,MRC0037,2026-01-05 07:50:02,45.45,Transport,0,normal
TX000488,ACC0004,ACC0045,2026-01-05 07:51:12,62.4,Transport,0,normal
TX000489,ACC0011,MRC0035,2026-01-05 08:19:25,234.68,Fuel,0,normal
TX000490,ACC0018,ACC0038,2026-01-05 08:26:45,190.3,Fuel,0,normal
TX000491,ACC0009,MRC0008,2026-01-05 08:36:47,53.17,Restaurant,0,normal
TX000492,ACC0043,MRC0007,2026-01-05 09:16:05,39.84,Fuel,0,normal
TX000493,ACC0050,MRC0029,2026-01-05 09:29:57,114.78,Utilities,0,normal
TX000494,ACC0010,ACC0003,2026-01-05 09:33:26,76.93,Restaurant,0,normal
TX000495,ACC0001,MRC0016,2026-01-05 09:38:43,436.09,Fuel,0,normal
TX000496,ACC0001,MRC0034,2026-01-05 09:49:05,174.82,Online Shop,0,normal
TX000497,ACC0011,MRC0027,2026-01-05 09:53:26,242.15,Restaurant,0,normal
TX000498,ACC0054,MRC0023,2026-01-05 09:58:52,93.99,Restaurant,0,normal
TX000499,ACC0060,MRC0004,2026-01-05 10:07:11,127.13,Grocery,0,normal
TX000500,ACC0036,MRC0037,2026-01-05 10:09:48,39.74,Pharmacy,0,normal
TX000501,ACC0027,MRC0026,2026-01-05 10:12:28,367.25,Transport,0,normal
TX000502,ACC0037,MRC0019,2026-01-05 10:19:13,123.69,Utilities,0,normal
TX000503,ACC0011,MRC0027,2026-01-05 10:20:53,77.34,Transport,0,normal
TX000504,ACC0016,MRC0030,2026-01-05 10:30:49,68.35,Online Shop,0,normal
TX000505,ACC0036,MRC0018,2026-01-05 10:46:40,25.87,Utilities,0,normal
TX000506,ACC0040,ACC0027,2026-01-05 10:48:20,23.36,Restaurant,0,normal
TX000507,ACC0010,MRC0036,2026-01-05 10:51:20,114.78,Online Shop,0,normal
TX000508,ACC0044,MRC0001,2026-01-05 10:53:31,36.23,Transport,0,normal
TX000509,ACC0009,MRC0024,2026-01-05 11:09:40,68.41,Fuel,0,normal
TX000510,ACC0012,MRC0002,2026-01-05 11:10:22,67.46,Online Shop,0,normal
TX000511,ACC0042,MRC0029,2026-01-05 11:12:26,64.06,Online Shop,0,normal
TX000512,ACC0045,MRC0001,2026-01-05 11:14:38,82.38,Fuel,0,normal
TX000513,ACC0053,MRC0039,2026-01-05 11:15:20,100.94,Transport,0,normal
TX000514,ACC0013,MRC0032,2026-01-05 11:27:31,84.54,Grocery,0,normal
TX000515,ACC0005,MRC0023,2026-01-05 11:30:24,216.07,Online Shop,0,normal
TX000516,ACC0056,MRC0010,2026-01-05 11:36:06,60.07,Grocery,0,normal
TX000517,ACC0060,MRC0035,2026-01-05 11:44:03,154.55,Online Shop,0,normal
TX000518,ACC0047,ACC0021,2026-01-05 12:09:30,57.69,Pharmacy,0,normal
TX000519,ACC0011,MRC0001,2026-01-05 12:14:40,207.28,Online Shop,0,normal
TX000520,ACC0050,MRC0029,2026-01-05 12:17:50,59.23,Restaurant,0,normal
TX000521,ACC0001,MRC0024,2026-01-05 12:19:30,144.91,Utilities,0,normal
TX000522,ACC0049,MRC0010,2026-01-05 12:29:35,103.22,Grocery,0,normal
TX000523,ACC0044,MRC0019,2026-01-05 12:30:18,135.95,Online Shop,0,normal
TX000524,ACC0023,MRC0027,2026-01-05 12:34:11,184.24,Pharmacy,0,normal
TX000525,ACC0010,ACC0003,2026-01-05 12:35:19,88.22,Transport,0,normal
TX000526,ACC0009,MRC0024,2026-01-05 12:36:03,28.21,Pharmacy,0,normal
TX000527,ACC0053,MRC0039,2026-01-05 12:48:57,80.89,Fuel,0,normal
TX000528,ACC0018,MRC0038,2026-01-05 12:49:27,283.97,Pharmacy,0,normal
TX000529,ACC0011,ACC0038,2026-01-05 12:58:29,72.29,Grocery,0,normal
TX000530,ACC0047,ACC0021,2026-01-05 13:00:31,153.0,Utilities,0,normal
TX000531,ACC0039,MRC0006,2026-01-05 13:03:00,132.09,Transport,0,normal
TX000532,ACC0058,MRC0032,2026-01-05 13:03:02,49.63,Pharmacy,0,normal
TX000533,ACC0007,MRC0021,2026-01-05 13:06:02,38.57,Transport,0,normal
TX000534,ACC0028,MRC0030,2026-01-05 13:17:03,148.25,Grocery,0,normal
TX000535,ACC0039,MRC0005,2026-01-05 13:33:00,175.07,Fuel,0,normal
TX000536,ACC0054,MRC0039,2026-01-05 13:35:12,144.89,Transport,0,normal
TX000537,ACC0002,MRC0037,2026-01-05 13:35:24,52.19,Pharmacy,0,normal
TX000538,ACC0057,MRC0000,2026-01-05 13:47:19,106.62,Online Shop,0,normal
TX000539,ACC0023,ACC0020,2026-01-05 13:48:34,99.74,Restaurant,0,normal
TX000540,ACC0040,MRC0019,2026-01-05 13:55:08,28.8,Transport,0,normal
TX000541,ACC0059,MRC0031,2026-01-05 14:11:17,99.1,Online Shop,0,normal
TX000542,ACC0044,MRC0003,2026-01-05 14:17:07,204.09,Pharmacy,0,normal
TX000543,ACC0033,MRC0004,2026-01-05 14:20:13,152.36,Fuel,0,normal
TX000544,ACC0022,ACC0050,2026-01-05 14:25:26,152.3,Restaurant,0,normal
TX000545,ACC0057,MRC0000,2026-01-05 14:28:13,65.07,Utilities,0,normal
TX000546,ACC0021,MRC0008,2026-01-05 14:31:30,95.57,Fuel,0,normal
TX000547,ACC0006,MRC0012,2026-01-05 14:37:19,96.49,Pharmacy,0,normal
TX000548,ACC0047,MRC0027,2026-01-05 14:43:45,94.14,Online Shop,0,normal
TX000549,ACC0023,MRC0017,2026-01-05 14:47:39,122.55,Grocery,0,normal
TX000550,ACC0052,MRC0007,2026-01-05 15:08:44,74.74,Pharmacy,0,normal
TX000551,ACC0022,MRC0022,2026-01-05 15:11:56,65.18,Online Shop,0,normal
TX000552,ACC0049,MRC0010,2026-01-05 15:20:03,52.26,Transport,0,normal
TX000553,ACC0058,ACC0054,2026-01-05 15:28:00,709.33,Transfer,1,fan_in
TX000554,ACC0057,MRC0000,2026-01-05 15:29:18,76.17,Grocery,0,normal
TX000555,ACC0001,MRC0016,2026-01-05 15:29:26,154.31,Restaurant,0,normal
TX000556,ACC0036,ACC0054,2026-01-05 15:32:00,686.96,Transfer,1,fan_in
TX000557,ACC0036,MRC0018,2026-01-05 15:33:03,15.47,Online Shop,0,normal
TX000558,ACC0005,ACC0054,2026-01-05 15:36:00,703.28,Transfer,1,fan_in
TX000559,ACC0050,MRC0039,2026-01-05 15:36:18,115.68,Pharmacy,0,normal
TX000560,ACC0048,MRC0012,2026-01-05 15:38:38,93.0,Transport,0,normal
TX000561,ACC0034,ACC0054,2026-01-05 15:40:00,601.92,Transfer,1,fan_in
TX000562,ACC0055,ACC0054,2026-01-05 15:44:00,323.78,Transfer,1,fan_in
TX000563,ACC0042,MRC0029,2026-01-05 15:47:27,104.84,Utilities,0,normal
TX000564,ACC0024,ACC0054,2026-01-05 15:48:00,420.67,Transfer,1,fan_in
TX000565,ACC0007,MRC0016,2026-01-05 15:51:29,16.51,Pharmacy,0,normal
TX000566,ACC0022,ACC0054,2026-01-05 15:52:00,384.18,Transfer,1,fan_in
TX000567,ACC0002,ACC0054,2026-01-05 15:56:00,338.4,Transfer,1,fan_in
TX000568,ACC0013,ACC0054,2026-01-05 16:00:00,491.69,Transfer,1,fan_in
TX000569,ACC0019,ACC0054,2026-01-05 16:04:00,772.64,Transfer,1,fan_in
TX000570,ACC0011,MRC0035,2026-01-05 16:07:39,177.77,Online Shop,0,normal
TX000571,ACC0041,ACC0054,2026-01-05 16:08:00,369.08,Transfer,1,fan_in
TX000572,ACC0024,MRC0028,2026-01-05 16:09:26,46.77,Pharmacy,0,normal
TX000573,ACC0003,MRC0035,2026-01-05 16:09:57,38.53,Restaurant,0,normal
TX000574,ACC0037,ACC0054,2026-01-05 16:12:00,366.85,Transfer,1,fan_in
TX000575,ACC0019,MRC0005,2026-01-05 16:12:45,391.81,Utilities,0,normal
TX000576,ACC0018,MRC0038,2026-01-05 16:14:48,210.21,Pharmacy,0,normal
TX000577,ACC0023,MRC0004,2026-01-05 16:35:33,268.03,Fuel,0,normal
TX000578,ACC0014,MRC0010,2026-01-05 16:41:48,338.05,Utilities,0,normal
TX000579,ACC0018,MRC0000,2026-01-05 16:50:57,152.68,Pharmacy,0,normal
TX000580,ACC0033,MRC0034,2026-01-05 16:51:04,131.61,Pharmacy,0,normal
TX000581,ACC0048,MRC0027,2026-01-05 16:58:38,70.63,Pharmacy,0,normal
TX000582,ACC0004,MRC0021,2026-01-05 17:02:57,53.73,Pharmacy,0,normal
TX000583,ACC0027,MRC0014,2026-01-05 17:09:59,78.45,Fuel,0,normal
TX000584,ACC0024,MRC0013,2026-01-05 17:13:37,82.93,Grocery,0,normal
TX000585,ACC0018,MRC0000,2026-01-05 17:18:13,141.44,Restaurant,0,normal
TX000586,ACC0005,MRC0004,2026-01-05 17:22:10,109.01,Online Shop,0,normal
TX000587,ACC0025,MRC0016,2026-01-05 18:01:47,113.32,Pharmacy,0,normal
TX000588,ACC0053,MRC0002,2026-01-05 18:03:52,105.4,Transport,0,normal
TX000589,ACC0015,ACC0007,2026-01-05 18:05:39,79.56,Restaurant,0,normal
TX000590,ACC0045,MRC0001,2026-01-05 18:34:29,109.27,Online Shop,0,normal
TX000591,ACC0041,MRC0012,2026-01-05 18:41:08,230.99,Restaurant,0,normal
TX000592,ACC0038,ACC0042,2026-01-05 18:44:30,121.16,Fuel,0,normal
TX000593,ACC0020,MRC0013,2026-01-05 18:52:18,267.42,Pharmacy,0,normal
TX000594,ACC0018,ACC0038,2026-01-05 19:32:46,220.76,Transport,0,normal
TX000595,ACC0014,MRC0000,2026-01-05 19:33:26,275.47,Fuel,0,normal
TX000596,ACC0059,MRC0035,2026-01-05 19:49:05,320.4,Restaurant,0,normal
TX000597,ACC0044,MRC0011,2026-01-05 20:00:15,58.52,Grocery,0,normal
TX000598,ACC0049,MRC0010,2026-01-05 20:20:05,158.0,Online Shop,0,normal
TX000599,ACC0009,MRC0003,2026-01-05 20:30:16,74.01,Utilities,0,normal
TX000600,ACC0033,MRC0034,2026-01-05 21:27:51,216.61,Pharmacy,0,normal
TX000601,ACC0060,MRC0038,2026-01-05 22:06:56,213.23,Grocery,0,normal
TX000602,ACC0014,MRC0000,2026-01-05 22:26:50,407.11,Online Shop,0,normal
TX000603,ACC0007,MRC0016,2026-01-05 22:36:33,28.73,Online Shop,0,normal
TX000604,ACC0009,MRC0024,2026-01-05 22:52:04,23.79,Fuel,0,normal
TX000605,ACC0016,MRC0009,2026-01-05 22:58:23,98.08,Online Shop,0,normal
TX000606,ACC0057,MRC0023,2026-01-06 07:00:00,35.1,Grocery,0,normal
TX000607,ACC0056,MRC0010,2026-01-06 07:01:04,26.08,Grocery,0,normal
TX000608,ACC0004,MRC0035,2026-01-06 07:11:05,66.57,Restaurant,0,normal
TX000609,ACC0059,ACC0014,2026-01-06 07:15:01,105.01,Online Shop,0,normal
TX000610,ACC0030,MRC0030,2026-01-06 07:33:46,149.06,Fuel,0,normal
TX000611,ACC0023,MRC0017,2026-01-06 07:34:22,185.71,Utilities,0,normal
TX000612,ACC0028,MRC0010,2026-01-06 07:48:01,157.06,Grocery,0,normal
TX000613,ACC0058,MRC0025,2026-01-06 07:48:37,24.23,Fuel,0,normal
TX000614,ACC0055,MRC0003,2026-01-06 07:52:13,56.35,Pharmacy,0,normal
TX000615,ACC0029,MRC0028,2026-01-06 07:56:17,96.52,Online Shop,0,normal
TX000616,ACC0008,MRC0029,2026-01-06 07:59:01,59.15,Online Shop,0,normal
TX000617,ACC0010,ACC0018,2026-01-06 08:02:09,164.62,Online Shop,0,normal
TX000618,ACC0042,MRC0030,2026-01-06 08:09:56,128.0,Utilities,0,normal
TX000619,ACC0030,MRC0016,2026-01-06 08:31:43,77.0,Pharmacy,0,normal
TX000620,ACC0045,MRC0001,2026-01-06 08:45:06,182.86,Grocery,0,normal
TX000621,ACC0002,MRC0005,2026-01-06 08:59:44,41.38,Fuel,0,normal
TX000622,ACC0040,MRC0019,2026-01-06 09:04:07,63.61,Pharmacy,0,normal
TX000623,ACC0058,MRC0032,2026-01-06 09:12:27,27.48,Utilities,0,normal
TX000624,ACC0002,MRC0037,2026-01-06 09:35:27,55.17,Pharmacy,0,normal
TX000625,ACC0017,MRC0032,2026-01-06 09:45:14,145.57,Fuel,0,normal
TX000626,ACC0025,MRC0007,2026-01-06 09:51:52,118.8,Pharmacy,0,normal
TX000627,ACC0017,MRC0029,2026-01-06 10:26:08,96.43,Utilities,0,normal
TX000628,ACC0035,MRC0031,2026-01-06 10:32:57,188.61,Transport,0,normal
TX000629,ACC0022,MRC0031,2026-01-06 10:34:35,88.8,Pharmacy,0,normal
TX000630,ACC0049,MRC0031,2026-01-06 10:36:03,188.86,Online Shop,0,normal
TX000631,ACC0009,MRC0008,2026-01-06 10:42:45,23.6,Pharmacy,0,normal
TX000632,ACC0052,MRC0007,2026-01-06 10:46:08,45.42,Transport,0,normal
TX000633,ACC0018,MRC0003,2026-01-06 10:58:40,138.99,Grocery,0,normal
TX000634,ACC0026,MRC0032,2026-01-06 10:58:43,147.35,Utilities,0,normal
TX000635,ACC0053,MRC0004,2026-01-06 11:06:06,89.46,Utilities,0,normal
TX000636,ACC0053,MRC0004,2026-01-06 11:24:05,200.54,Online Shop,0,normal
TX000637,ACC0007,MRC0021,2026-01-06 11:25:29,42.97,Restaurant,0,normal
TX000638,ACC0001,MRC0024,2026-01-06 11:35:17,91.85,Pharmacy,0,normal
TX000639,ACC0003,MRC0037,2026-01-06 11:38:41,26.48,Online Shop,0,normal
TX000640,ACC0012,MRC0002,2026-01-06 11:40:29,165.82,Fuel,0,normal
TX000641,ACC0011,MRC0001,2026-01-06 11:43:29,357.93,Grocery,0,normal
TX000642,ACC0032,MRC0024,2026-01-06 11:44:16,157.06,Pharmacy,0,normal
TX000643,ACC0022,MRC0031,2026-01-06 11:46:03,85.74,Utilities,0,normal
TX000644,ACC0014,MRC0000,2026-01-06 11:53:52,236.48,Restaurant,0,normal
TX000645,ACC0042,MRC0029,2026-01-06 12:02:47,141.03,Online Shop,0,normal
TX000646,ACC0050,MRC0029,2026-01-06 12:03:56,38.66,Grocery,0,normal
TX000647,ACC0019,MRC0008,2026-01-06 12:10:47,254.43,Grocery,0,normal
TX000648,ACC0023,MRC0011,2026-01-06 12:13:00,192.7,Restaurant,0,normal
TX000649,ACC0036,MRC0008,2026-01-06 12:32:02,28.65,Online Shop,0,normal
TX000650,ACC0044,MRC0001,2026-01-06 12:36:03,347.85,Grocery,0,normal
TX000651,ACC0054,MRC0039,2026-01-06 12:43:09,237.86,Utilities,0,normal
TX000652,ACC0051,MRC0037,2026-01-06 12:44:41,236.35,Transport,0,normal
TX000653,ACC0025,MRC0016,2026-01-06 13:08:58,154.71,Utilities,0,normal
TX000654,ACC0007,MRC0013,2026-01-06 13:11:18,19.95,Pharmacy,0,normal
TX000655,ACC0005,MRC0036,2026-01-06 13:20:23,422.01,Online Shop,0,normal
TX000656,ACC0006,MRC0010,2026-01-06 13:28:25,106.28,Online Shop,0,normal
TX000657,ACC0001,MRC0038,2026-01-06 13:41:28,214.47,Pharmacy,0,normal
TX000658,ACC0013,MRC0032,2026-01-06 13:43:52,59.04,Transport,0,normal
TX000659,ACC0026,MRC0000,2026-01-06 13:44:21,103.27,Transport,0,normal
TX000660,ACC0012,ACC0038,2026-01-06 13:47:00,99.4,Utilities,0,normal
TX000661,ACC0007,MRC0037,2026-01-06 13:49:29,17.86,Grocery,0,normal
TX000662,ACC0007,MRC0021,2026-01-06 14:01:33,41.15,Utilities,0,normal
TX000663,ACC0021,ACC0027,2026-01-06 14:04:16,127.48,Restaurant,0,normal
TX000664,ACC0005,MRC0023,2026-01-06 14:16:00,85.37,Transport,0,normal
TX000665,ACC0046,MRC0037,2026-01-06 14:16:18,41.2,Utilities,0,normal
TX000666,ACC0058,MRC0029,2026-01-06 14:16:56,25.06,Restaurant,0,normal
TX000667,ACC0016,MRC0009,2026-01-06 14:22:25,104.24,Restaurant,0,normal
TX000668,ACC0006,MRC0004,2026-01-06 14:30:24,86.59,Restaurant,0,normal
TX000669,ACC0018,MRC0036,2026-01-06 14:33:17,228.57,Fuel,0,normal
TX000670,ACC0031,MRC0030,2026-01-06 14:34:58,51.0,Pharmacy,0,normal
TX000671,ACC0025,MRC0034,2026-01-06 14:40:18,213.98,Restaurant,0,normal
TX000672,ACC0025,MRC0010,2026-01-06 14:43:51,114.68,Online Shop,0,normal
TX000673,ACC0015,MRC0005,2026-01-06 14:46:11,119.9,Online Shop,0,normal
TX000674,ACC0026,MRC0000,2026-01-06 14:47:21,245.15,Transport,0,normal
TX000675,ACC0044,MRC0019,2026-01-06 14:50:33,221.83,Utilities,0,normal
TX000676,ACC0054,MRC0039,2026-01-06 14:52:06,119.29,Transport,0,normal
TX000677,ACC0010,MRC0009,2026-01-06 14:54:04,145.33,Restaurant,0,normal
TX000678,ACC0017,MRC0029,2026-01-06 14:56:19,218.91,Utilities,0,normal
TX000679,ACC0008,MRC0015,2026-01-06 15:15:42,118.33,Grocery,0,normal
TX000680,ACC0049,MRC0010,2026-01-06 15:22:55,99.61,Pharmacy,0,normal
TX000681,ACC0013,MRC0019,2026-01-06 15:35:09,103.78,Transport,0,normal
TX000682,ACC0024,MRC0013,2026-01-06 15:38:47,90.94,Grocery,0,normal
TX000683,ACC0044,MRC0001,2026-01-06 15:43:02,98.51,Online Shop,0,normal
TX000684,ACC0031,MRC0013,2026-01-06 15:49:27,82.55,Pharmacy,0,normal
TX000685,ACC0024,MRC0013,2026-01-06 16:01:42,66.8,Online Shop,0,normal
TX000686,ACC0013,MRC0012,2026-01-06 16:05:11,50.28,Restaurant,0,normal
TX000687,ACC0039,MRC0005,2026-01-06 16:06:02,81.56,Pharmacy,0,normal
TX000688,ACC0059,MRC0035,2026-01-06 16:08:37,110.94,Transport,0,normal
TX000689,ACC0005,MRC0031,2026-01-06 16:21:54,233.06,Pharmacy,0,normal
TX000690,ACC0056,MRC0013,2026-01-06 16:41:55,19.48,Online Shop,0,normal
TX000691,ACC0051,MRC0037,2026-01-06 16:45:28,56.33,Restaurant,0,normal
TX000692,ACC0028,MRC0020,2026-01-06 16:49:53,116.88,Restaurant,0,normal
TX000693,ACC0022,MRC0028,2026-01-06 16:54:56,129.72,Fuel,0,normal
TX000694,ACC0060,MRC0034,2026-01-06 17:02:47,224.96,Fuel,0,normal
TX000695,ACC0047,MRC0031,2026-01-06 17:06:01,68.52,Utilities,0,normal
TX000696,ACC0059,MRC0035,2026-01-06 17:09:50,198.72,Grocery,0,normal
TX000697,ACC0023,MRC0004,2026-01-06 17:13:59,160.73,Restaurant,0,normal
TX000698,ACC0031,MRC0021,2026-01-06 17:21:54,78.34,Utilities,0,normal
TX000699,ACC0020,MRC0017,2026-01-06 17:51:00,155.45,Fuel,0,normal
TX000700,ACC0051,MRC0038,2026-01-06 17:59:10,87.37,Grocery,0,normal
TX000701,ACC0004,MRC0021,2026-01-06 18:05:07,78.66,Pharmacy,0,normal
TX000702,ACC0030,ACC0054,2026-01-06 18:42:02,264.71,Grocery,0,normal
TX000703,ACC0044,MRC0003,2026-01-06 18:42:16,75.05,Utilities,0,normal
TX000704,ACC0012,MRC0002,2026-01-06 18:44:45,107.35,Fuel,0,normal
TX000705,ACC0041,MRC0036,2026-01-06 19:07:19,127.47,Grocery,0,normal
TX000706,ACC0042,MRC0030,2026-01-06 19:10:12,117.53,Restaurant,0,normal
TX000707,ACC0046,MRC0015,2026-01-06 19:17:19,31.66,Restaurant,0,normal
TX000708,ACC0037,ACC0029,2026-01-06 19:22:32,138.77,Pharmacy,0,normal
TX000709,ACC0002,MRC0005,2026-01-06 19:33:25,54.85,Transport,0,normal
TX000710,ACC0058,MRC0032,2026-01-06 19:36:17,20.43,Utilities,0,normal
TX000711,ACC0057,MRC0000,2026-01-06 19:43:00,21.67,Utilities,0,normal
TX000712,ACC0003,MRC0035,2026-01-06 19:55:51,11.34,Fuel,0,normal
TX000713,ACC0039,MRC0004,2026-01-06 20:01:16,74.37,Grocery,0,normal
TX000714,ACC0033,MRC0038,2026-01-06 20:06:17,176.17,Grocery,0,normal
TX000715,ACC0058,MRC0029,2026-01-06 20:33:08,31.34,Grocery,0,normal
TX000716,ACC0052,ACC0018,2026-01-06 20:34:48,53.17,Grocery,0,normal
TX000717,ACC0045,MRC0026,2026-01-06 20:57:54,228.93,Fuel,0,normal
TX000718,ACC0019,MRC0005,2026-01-06 21:01:04,153.99,Grocery,0,normal
TX000719,ACC0014,ACC0002,2026-01-06 21:32:12,138.24,Utilities,0,normal
TX000720,ACC0013,MRC0012,2026-01-06 21:43:11,64.01,Grocery,0,normal
TX000721,ACC0026,MRC0007,2026-01-06 21:47:22,185.44,Pharmacy,0,normal
TX000722,ACC0011,MRC0001,2026-01-06 22:45:34,222.29,Restaurant,0,normal
TX000723,ACC0057,MRC0023,2026-01-07 07:01:21,36.15,Utilities,0,normal
TX000724,ACC0006,MRC0005,2026-01-07 07:09:24,99.45,Online Shop,0,normal
TX000725,ACC0050,ACC0028,2026-01-07 07:14:50,83.51,Fuel,0,normal
TX000726,ACC0060,MRC0038,2026-01-07 07:15:21,119.63,Utilities,0,normal
TX000727,ACC0023,MRC0027,2026-01-07 07:30:08,137.1,Transport,0,normal
TX000728,ACC0001,MRC0034,2026-01-07 07:30:21,104.55,Restaurant,0,normal
TX000729,ACC0024,MRC0034,2026-01-07 07:34:14,90.19,Transport,0,normal
TX000730,ACC0042,MRC0029,2026-01-07 07:50:32,108.38,Utilities,0,normal
TX000731,ACC0029,MRC0038,2026-01-07 07:53:30,110.71,Pharmacy,0,normal
TX000732,ACC0028,MRC0020,2026-01-07 08:02:50,81.12,Fuel,0,normal
TX000733,ACC0023,MRC0004,2026-01-07 08:05:37,258.55,Restaurant,0,normal
TX000734,ACC0016,MRC0009,2026-01-07 08:13:54,55.02,Grocery,0,normal
TX000735,ACC0059,MRC0035,2026-01-07 08:29:48,139.47,Online Shop,0,normal
TX000736,ACC0051,MRC0038,2026-01-07 08:32:27,65.39,Pharmacy,0,normal
TX000737,ACC0044,MRC0003,2026-01-07 08:39:28,164.45,Pharmacy,0,normal
TX000738,ACC0004,MRC0028,2026-01-07 08:39:42,50.54,Utilities,0,normal
TX000739,ACC0023,MRC0011,2026-01-07 08:54:22,280.74,Utilities,0,normal
TX000740,ACC0044,MRC0001,2026-01-07 08:56:14,208.79,Pharmacy,0,normal
TX000741,ACC0027,MRC0026,2026-01-07 09:06:22,260.09,Online Shop,0,normal
TX000742,ACC0026,MRC0007,2026-01-07 09:08:42,65.74,Utilities,0,normal
TX000743,ACC0040,MRC0027,2026-01-07 09:17:20,21.76,Restaurant,0,normal
TX000744,ACC0041,MRC0023,2026-01-07 09:25:47,147.7,Grocery,0,normal
TX000745,ACC0059,MRC0031,2026-01-07 09:27:23,151.99,Pharmacy,0,normal
TX000746,ACC0056,MRC0013,2026-01-07 09:36:41,36.35,Restaurant,0,normal
TX000747,ACC0012,MRC0014,2026-01-07 09:52:52,59.67,Restaurant,0,normal
TX000748,ACC0032,MRC0023,2026-01-07 10:19:53,177.87,Restaurant,0,normal
TX000749,ACC0018,MRC0000,2026-01-07 10:35:08,187.95,Grocery,0,normal
TX000750,ACC0059,MRC0011,2026-01-07 10:37:09,140.6,Fuel,0,normal
TX000751,ACC0045,MRC0001,2026-01-07 10:46:55,168.66,Transport,0,normal
TX000752,ACC0034,MRC0010,2026-01-07 10:53:20,33.98,Fuel,0,normal
TX000753,ACC0034,ACC0015,2026-01-07 10:54:22,51.23,Fuel,0,normal
TX000754,ACC0027,MRC0039,2026-01-07 10:59:03,202.12,Pharmacy,0,normal
TX000755,ACC0022,MRC0028,2026-01-07 11:01:09,85.83,Restaurant,0,normal
TX000756,ACC0014,MRC0004,2026-01-07 11:02:55,198.35,Online Shop,0,normal
TX000757,ACC0053,MRC0004,2026-01-07 11:03:17,98.95,Grocery,0,normal
TX000758,ACC0038,MRC0035,2026-01-07 11:15:57,62.81,Online Shop,0,normal
TX000759,ACC0021,MRC0008,2026-01-07 11:32:31,99.89,Transport,0,normal
TX000760,ACC0014,ACC0029,2026-01-07 11:32:37,283.5,Restaurant,0,normal
TX000761,ACC0052,ACC0018,2026-01-07 11:32:46,40.56,Transport,0,normal
TX000762,ACC0002,MRC0003,2026-01-07 11:33:15,57.87,Grocery,0,normal
TX000763,ACC0029,MRC0028,2026-01-07 11:38:31,125.82,Restaurant,0,normal
TX000764,ACC0041,MRC0026,2026-01-07 11:51:11,134.29,Fuel,0,normal
TX000765,ACC0058,MRC0029,2026-01-07 11:54:01,41.18,Restaurant,0,normal
TX000766,ACC0032,MRC0014,2026-01-07 12:03:36,329.47,Fuel,0,normal
TX000767,ACC0034,ACC0012,2026-01-07 12:03:53,50.36,Utilities,0,normal
TX000768,ACC0038,MRC0022,2026-01-07 12:04:11,101.78,Online Shop,0,normal
TX000769,ACC0025,MRC0016,2026-01-07 12:06:13,265.26,Restaurant,0,normal
TX000770,ACC0031,MRC0030,2026-01-07 12:19:26,94.26,Fuel,0,normal
TX000771,ACC0059,MRC0035,2026-01-07 12:22:33,194.99,Fuel,0,normal
TX000772,ACC0054,ACC0040,2026-01-07 12:27:25,119.56,Utilities,0,normal
TX000773,ACC0037,MRC0034,2026-01-07 12:30:14,69.05,Fuel,0,normal
TX000774,ACC0004,MRC0021,2026-01-07 12:31:10,43.11,Transport,0,normal
TX000775,ACC0044,MRC0003,2026-01-07 12:38:11,153.27,Utilities,0,normal
TX000776,ACC0005,MRC0023,2026-01-07 12:54:38,186.6,Fuel,0,normal
TX000777,ACC0034,MRC0037,2026-01-07 13:01:29,36.75,Online Shop,0,normal
TX000778,ACC0017,MRC0034,2026-01-07 13:01:50,263.83,Utilities,0,normal
TX000779,ACC0004,ACC0037,2026-01-07 13:01:55,27.36,Grocery,0,normal
TX000780,ACC0030,MRC0030,2026-01-07 13:02:31,169.27,Restaurant,0,normal
TX000781,ACC0020,ACC0057,2026-01-07 13:06:49,174.71,Utilities,0,normal
TX000782,ACC0053,MRC0004,2026-01-07 13:07:33,206.45,Grocery,0,normal
TX000783,ACC0033,MRC0038,2026-01-07 13:07:53,288.37,Grocery,0,normal
TX000784,ACC0048,ACC0031,2026-01-07 13:09:53,63.37,Online Shop,0,normal
TX000785,ACC0020,MRC0009,2026-01-07 13:10:30,83.93,Pharmacy,0,normal
TX000786,ACC0040,MRC0009,2026-01-07 13:10:39,27.85,Online Shop,0,normal
TX000787,ACC0015,MRC0022,2026-01-07 13:14:00,104.57,Pharmacy,0,normal
TX000788,ACC0013,MRC0032,2026-01-07 13:15:26,85.26,Grocery,0,normal
TX000789,ACC0025,MRC0016,2026-01-07 13:19:38,213.27,Grocery,0,normal
TX000790,ACC0038,MRC0035,2026-01-07 13:24:47,105.95,Restaurant,0,normal
TX000791,ACC0055,MRC0003,2026-01-07 13:32:19,48.84,Fuel,0,normal
TX000792,ACC0039,MRC0006,2026-01-07 13:33:04,86.18,Fuel,0,normal
TX000793,ACC0031,MRC0021,2026-01-07 13:37:06,61.98,Pharmacy,0,normal
TX000794,ACC0014,MRC0027,2026-01-07 13:40:23,191.96,Fuel,0,normal
TX000795,ACC0031,MRC0000,2026-01-07 13:43:19,94.2,Pharmacy,0,normal
TX000796,ACC0005,ACC0024,2026-01-07 13:43:48,99.25,Restaurant,0,normal
TX000797,ACC0019,MRC0008,2026-01-07 13:44:51,150.99,Pharmacy,0,normal
TX000798,ACC0045,MRC0026,2026-01-07 13:50:31,194.28,Grocery,0,normal
TX000799,ACC0023,MRC0011,2026-01-07 13:51:57,169.97,Online Shop,0,normal
TX000800,ACC0038,MRC0003,2026-01-07 13:56:35,107.03,Transport,0,normal
TX000801,ACC0037,MRC0034,2026-01-07 13:58:15,74.32,Online Shop,0,normal
TX000802,ACC0028,MRC0030,2026-01-07 14:03:38,72.65,Restaurant,0,normal
TX000803,ACC0037,MRC0033,2026-01-07 14:08:42,78.65,Online Shop,0,normal
TX000804,ACC0036,MRC0018,2026-01-07 14:09:39,38.5,Transport,0,normal
TX000805,ACC0024,MRC0028,2026-01-07 14:09:58,83.22,Pharmacy,0,normal
TX000806,ACC0041,MRC0036,2026-01-07 14:10:28,190.38,Utilities,0,normal
TX000807,ACC0022,MRC0028,2026-01-07 14:12:00,46.7,Online Shop,0,normal
TX000808,ACC0021,MRC0034,2026-01-07 14:14:47,55.9,Fuel,0,normal
TX000809,ACC0057,MRC0023,2026-01-07 14:30:19,72.8,Transport,0,normal
TX000810,ACC0007,MRC0013,2026-01-07 14:36:27,14.84,Utilities,0,normal
TX000811,ACC0021,MRC0011,2026-01-07 14:43:45,67.57,Fuel,0,normal
TX000812,ACC0023,MRC0017,2026-01-07 14:47:10,119.3,Fuel,0,normal
TX000813,ACC0048,MRC0012,2026-01-07 14:47:54,120.22,Pharmacy,0,normal
TX000814,ACC0053,MRC0022,2026-01-07 14:48:15,189.43,Utilities,0,normal
TX000815,ACC0010,MRC0009,2026-01-07 14:50:05,108.25,Grocery,0,normal
TX000816,ACC0036,ACC0040,2026-01-07 15:03:45,24.03,Pharmacy,0,normal
TX000817,ACC0012,MRC0005,2026-01-07 15:19:08,85.78,Utilities,0,normal
TX000818,ACC0052,MRC0013,2026-01-07 15:21:59,52.07,Online Shop,0,normal
TX000819,ACC0034,MRC0018,2026-01-07 15:33:33,34.65,Online Shop,0,normal
TX000820,ACC0025,MRC0016,2026-01-07 15:40:40,61.8,Pharmacy,0,normal
TX000821,ACC0043,MRC0037,2026-01-07 15:41:07,52.45,Pharmacy,0,normal
TX000822,ACC0011,MRC0022,2026-01-07 15:44:30,87.62,Online Shop,0,normal
TX000823,ACC0016,MRC0030,2026-01-07 16:03:07,148.3,Utilities,0,normal
TX000824,ACC0012,MRC0002,2026-01-07 16:04:08,198.57,Transport,0,normal
TX000825,ACC0039,MRC0005,2026-01-07 16:07:09,81.16,Pharmacy,0,normal
TX000826,ACC0038,MRC0003,2026-01-07 16:18:14,103.6,Grocery,0,normal
TX000827,ACC0051,MRC0038,2026-01-07 16:18:52,86.29,Transport,0,normal
TX000828,ACC0048,MRC0012,2026-01-07 16:18:56,81.96,Restaurant,0,normal
TX000829,ACC0044,MRC0019,2026-01-07 16:21:28,96.47,Fuel,0,normal
TX000830,ACC0035,ACC0001,2026-01-07 16:34:55,119.22,Fuel,0,normal
TX000831,ACC0027,MRC0033,2026-01-07 16:40:39,218.65,Utilities,0,normal
TX000832,ACC0032,ACC0042,2026-01-07 16:40:42,177.21,Online Shop,0,normal
TX000833,ACC0054,MRC0033,2026-01-07 16:45:53,90.83,Transport,0,normal
TX000834,ACC0024,MRC0034,2026-01-07 16:50:01,113.56,Restaurant,0,normal
TX000835,ACC0009,ACC0042,2026-01-07 16:53:13,38.77,Online Shop,0,normal
TX000836,ACC0033,ACC0026,2026-01-07 16:55:11,130.45,Fuel,0,normal
TX000837,ACC0022,MRC0022,2026-01-07 16:56:46,132.92,Fuel,0,normal
TX000838,ACC0051,MRC0028,2026-01-07 17:03:01,106.76,Online Shop,0,normal
TX000839,ACC0015,MRC0022,2026-01-07 17:09:33,46.13,Pharmacy,0,normal
TX000840,ACC0018,MRC0036,2026-01-07 17:10:02,158.68,Transport,0,normal
TX000841,ACC0041,MRC0012,2026-01-07 17:21:58,153.59,Pharmacy,0,normal
TX000842,ACC0011,MRC0027,2026-01-07 17:30:32,171.69,Grocery,0,normal
TX000843,ACC0057,MRC0000,2026-01-07 17:34:43,24.64,Fuel,0,normal
TX000844,ACC0028,MRC0030,2026-01-07 17:51:37,61.22,Fuel,0,normal
TX000845,ACC0059,ACC0037,2026-01-07 18:08:00,7316.48,Transfer,1,ring
TX000846,ACC0008,MRC0024,2026-01-07 18:09:05,104.6,Online Shop,0,normal
TX000847,ACC0028,MRC0030,2026-01-07 18:14:49,157.1,Pharmacy,0,normal
TX000848,ACC0031,MRC0000,2026-01-07 18:23:55,103.05,Transport,0,normal
TX000849,ACC0019,MRC0005,2026-01-07 18:23:55,198.74,Restaurant,0,normal
TX000850,ACC0033,MRC0038,2026-01-07 18:24:45,195.61,Pharmacy,0,normal
TX000851,ACC0037,ACC0010,2026-01-07 18:48:00,7170.15,Transfer,1,ring
TX000852,ACC0056,MRC0024,2026-01-07 18:52:07,31.55,Restaurant,0,normal
TX000853,ACC0039,MRC0006,2026-01-07 18:53:10,136.86,Restaurant,0,normal
TX000854,ACC0015,MRC0005,2026-01-07 18:58:09,106.81,Fuel,0,normal
TX000855,ACC0012,MRC0014,2026-01-07 19:14:32,85.4,Grocery,0,normal
TX000856,ACC0008,MRC0015,2026-01-07 19:22:11,113.05,Online Shop,0,normal
TX000857,ACC0010,ACC0059,2026-01-07 19:28:00,7026.75,Transfer,1,ring
TX000858,ACC0032,MRC0023,2026-01-07 19:41:21,211.35,Transport,0,normal
TX000859,ACC0008,MRC0025,2026-01-07 19:41:23,68.92,Fuel,0,normal
TX000860,ACC0020,MRC0023,2026-01-07 19:47:17,113.33,Online Shop,0,normal
TX000861,ACC0052,MRC0013,2026-01-07 20:36:05,64.59,Pharmacy,0,normal
TX000862,ACC0017,MRC0039,2026-01-07 21:18:24,92.09,Online Shop,0,normal
TX000863,ACC0014,MRC0027,2026-01-07 21:52:26,226.83,Restaurant,0,normal
TX000864,ACC0051,MRC0028,2026-01-07 22:08:46,58.21,Transport,0,normal
TX000865,ACC0004,MRC0020,2026-01-07 22:45:37,59.94,Pharmacy,0,normal
TX000866,ACC0053,MRC0039,2026-01-08 07:04:28,96.57,Utilities,0,normal
TX000867,ACC0009,MRC0004,2026-01-08 07:08:59,38.1,Pharmacy,0,normal
TX000868,ACC0028,MRC0030,2026-01-08 07:12:56,159.83,Online Shop,0,normal
TX000869,ACC0012,MRC0010,2026-01-08 07:17:38,70.14,Grocery,0,normal
TX000870,ACC0036,MRC0008,2026-01-08 07:23:54,61.02,Utilities,0,normal
TX000871,ACC0058,MRC0029,2026-01-08 07:30:20,55.97,Transport,0,normal
TX000872,ACC0058,MRC0030,2026-01-08 07:32:14,76.26,Transport,0,normal
TX000873,ACC0028,ACC0011,2026-01-08 07:36:50,184.2,Online Shop,0,normal
TX000874,ACC0052,MRC0020,2026-01-08 07:39:55,65.27,Online Shop,0,normal
TX000875,ACC0056,MRC0010,2026-01-08 07:40:50,31.54,Transport,0,normal
TX000876,ACC0005,MRC0031,2026-01-08 07:46:14,141.97,Transport,0,normal
TX000877,ACC0017,MRC0032,2026-01-08 07:48:52,251.45,Online Shop,0,normal
TX000878,ACC0016,MRC0013,2026-01-08 07:49:44,100.62,Grocery,0,normal
TX000879,ACC0035,MRC0031,2026-01-08 07:56:43,236.01,Utilities,0,normal
TX000880,ACC0036,MRC0031,2026-01-08 08:06:45,35.45,Fuel,0,normal
TX000881,ACC0035,MRC0034,2026-01-08 08:18:11,170.98,Grocery,0,normal
TX000882,ACC0057,MRC0011,2026-01-08 08:28:34,46.76,Transport,0,normal
TX000883,ACC0048,MRC0012,2026-01-08 08:33:25,116.31,Transport,0,normal
TX000884,ACC0043,MRC0037,2026-01-08 08:56:48,78.51,Transport,0,normal
TX000885,ACC0033,MRC0004,2026-01-08 09:30:33,212.89,Fuel,0,normal
TX000886,ACC0010,MRC0004,2026-01-08 09:33:12,250.04,Pharmacy,0,normal
TX000887,ACC0060,MRC0038,2026-01-08 09:36:00,386.39,Online Shop,1,repeated
TX000888,ACC0060,MRC0038,2026-01-08 09:38:00,386.39,Online Shop,1,repeated
TX000889,ACC0042,MRC0030,2026-01-08 09:38:27,201.87,Grocery,0,normal
TX000890,ACC0024,MRC0028,2026-01-08 09:38:59,51.57,Pharmacy,0,normal
TX000891,ACC0060,MRC0038,2026-01-08 09:40:00,386.39,Online Shop,1,repeated
TX000892,ACC0013,MRC0015,2026-01-08 09:41:01,47.05,Online Shop,0,normal
TX000893,ACC0060,MRC0038,2026-01-08 09:42:00,386.39,Online Shop,1,repeated
TX000894,ACC0060,MRC0038,2026-01-08 09:44:00,386.39,Online Shop,1,repeated
TX000895,ACC0030,MRC0030,2026-01-08 09:51:17,187.6,Fuel,0,normal
TX000896,ACC0003,MRC0037,2026-01-08 09:55:29,27.08,Pharmacy,0,normal
TX000897,ACC0001,MRC0016,2026-01-08 09:56:14,148.27,Online Shop,0,normal
TX000898,ACC0056,MRC0024,2026-01-08 10:00:55,27.16,Fuel,0,normal
TX000899,ACC0010,MRC0036,2026-01-08 10:02:02,169.57,Transport,0,normal
TX000900,ACC0030,MRC0030,2026-01-08 10:05:23,182.66,Utilities,0,normal
TX000901,ACC0016,MRC0030,2026-01-08 10:05:28,92.92,Grocery,0,normal
TX000902,ACC0028,ACC0060,2026-01-08 10:09:26,85.51,Grocery,0,normal
TX000903,ACC0020,MRC0009,2026-01-08 10:38:53,84.79,Grocery,0,normal
TX000904,ACC0041,MRC0012,2026-01-08 10:39:44,91.89,Transport,0,normal
TX000905,ACC0030,MRC0038,2026-01-08 10:45:00,119.24,Grocery,0,normal
TX000906,ACC0040,MRC0030,2026-01-08 11:05:52,29.28,Fuel,0,normal
TX000907,ACC0013,MRC0012,2026-01-08 11:06:05,94.43,Fuel,0,normal
TX000908,ACC0018,MRC0000,2026-01-08 11:17:42,217.4,Restaurant,0,normal
TX000909,ACC0039,MRC0004,2026-01-08 11:37:07,103.21,Transport,0,normal
TX000910,ACC0051,MRC0024,2026-01-08 11:41:56,68.49,Transport,0,normal
TX000911,ACC0047,MRC0036,2026-01-08 11:58:20,47.48,Restaurant,0,normal
TX000912,ACC0057,MRC0017,2026-01-08 11:59:41,32.6,Pharmacy,0,normal
TX000913,ACC0057,MRC0017,2026-01-08 12:02:50,43.3,Fuel,0,normal
TX000914,ACC0038,MRC0008,2026-01-08 12:07:36,88.91,Fuel,0,normal
TX000915,ACC0012,MRC0014,2026-01-08 12:20:15,71.58,Online Shop,0,normal
TX000916,ACC0060,MRC0034,2026-01-08 12:22:50,304.59,Restaurant,0,normal
TX000917,ACC0052,MRC0020,2026-01-08 12:25:13,42.18,Utilities,0,normal
TX000918,ACC0053,MRC0002,2026-01-08 12:26:37,129.52,Transport,0,normal
TX000919,ACC0026,MRC0032,2026-01-08 12:27:59,84.04,Grocery,0,normal
TX000920,ACC0053,MRC0022,2026-01-08 12:28:32,108.17,Online Shop,0,normal
TX000921,ACC0013,MRC0015,2026-01-08 12:31:02,117.6,Utilities,0,normal
TX000922,ACC0049,MRC0025,2026-01-08 12:37:18,83.98,Utilities,0,normal
TX000923,ACC0038,ACC0042,2026-01-08 12:39:11,141.96,Fuel,0,normal
TX000924,ACC0018,MRC0038,2026-01-08 12:50:14,154.74,Fuel,0,normal
TX000925,ACC0014,MRC0004,2026-01-08 12:52:48,195.09,Pharmacy,0,normal
TX000926,ACC0038,MRC0008,2026-01-08 12:55:20,42.26,Pharmacy,0,normal
TX000927,ACC0019,MRC0005,2026-01-08 12:57:02,210.05,Online Shop,0,normal
TX000928,ACC0001,MRC0024,2026-01-08 12:58:34,141.74,Online Shop,0,normal
TX000929,ACC0036,MRC0008,2026-01-08 13:03:33,56.21,Restaurant,0,normal
TX000930,ACC0027,MRC0033,2026-01-08 13:03:55,276.74,Grocery,0,normal
TX000931,ACC0009,MRC0024,2026-01-08 13:05:37,51.81,Fuel,0,normal
TX000932,ACC0050,MRC0029,2026-01-08 13:08:40,59.12,Online Shop,0,normal
TX000933,ACC0048,MRC0012,2026-01-08 13:12:48,109.7,Fuel,0,normal
TX000934,ACC0032,MRC0016,2026-01-08 13:12:59,197.41,Grocery,0,normal
TX000935,ACC0005,MRC0004,2026-01-08 13:13:36,348.14,Utilities,0,normal
TX000936,ACC0002,MRC0003,2026-01-08 13:14:51,41.32,Restaurant,0,normal
TX000937,ACC0020,MRC0023,2026-01-08 13:16:04,113.66,Online Shop,0,normal
TX000938,ACC0048,MRC0001,2026-01-08 13:18:06,164.72,Fuel,0,normal
TX000939,ACC0031,MRC0013,2026-01-08 13:38:41,46.74,Online Shop,0,normal
TX000940,ACC0010,MRC0009,2026-01-08 13:43:06,169.7,Grocery,0,normal
TX000941,ACC0016,MRC0030,2026-01-08 13:50:05,76.42,Pharmacy,0,normal
TX000942,ACC0026,MRC0000,2026-01-08 13:54:59,261.81,Grocery,0,normal
TX000943,ACC0018,MRC0036,2026-01-08 13:58:02,127.5,Utilities,0,normal
TX000944,ACC0005,MRC0031,2026-01-08 14:03:55,87.55,Pharmacy,0,normal
TX000945,ACC0020,MRC0023,2026-01-08 14:09:06,113.55,Grocery,0,normal
TX000946,ACC0058,MRC0029,2026-01-08 14:09:19,60.79,Fuel,0,normal
TX000947,ACC0041,MRC0023,2026-01-08 14:17:37,187.17,Transport,0,normal
TX000948,ACC0040,MRC0009,2026-01-08 14:23:12,31.75,Fuel,0,normal
TX000949,ACC0032,MRC0023,2026-01-08 14:34:58,217.7,Pharmacy,0,normal
TX000950,ACC0031,MRC0021,2026-01-08 14:38:26,57.71,Online Shop,0,normal
TX000951,ACC0058,MRC0030,2026-01-08 14:39:09,26.5,Utilities,0,normal
TX000952,ACC0046,MRC0037,2026-01-08 14:49:25,39.61,Restaurant,0,normal
TX000953,ACC0009,MRC0004,2026-01-08 14:51:16,37.67,Transport,0,normal
TX000954,ACC0014,MRC0000,2026-01-08 14:59:32,221.89,Online Shop,0,normal
TX000955,ACC0058,MRC0029,2026-01-08 15:02:20,8.92,Fuel,0,normal
TX000956,ACC0051,MRC0038,2026-01-08 15:12:24,114.34,Online Shop,0,normal
TX000957,ACC0039,MRC0024,2026-01-08 15:14:38,78.21,Pharmacy,0,normal
TX000958,ACC0011,MRC0022,2026-01-08 15:26:15,176.96,Utilities,0,normal
TX000959,ACC0050,MRC0018,2026-01-08 15:29:14,106.34,Fuel,0,normal
TX000960,ACC0017,MRC0029,2026-01-08 15:32:14,352.94,Fuel,0,normal
TX000961,ACC0026,MRC0032,2026-01-08 15:36:25,121.55,Fuel,0,normal
TX000962,ACC0039,MRC0006,2026-01-08 15:42:52,245.98,Online Shop,0,normal
TX000963,ACC0043,MRC0028,2026-01-08 15:55:39,61.21,Fuel,0,normal
TX000964,ACC0050,MRC0011,2026-01-08 15:56:24,63.42,Restaurant,0,normal
TX000965,ACC0060,MRC0004,2026-01-08 16:00:54,127.05,Pharmacy,0,normal
TX000966,ACC0005,MRC0031,2026-01-08 16:02:47,303.75,Restaurant,0,normal
TX000967,ACC0026,MRC0007,2026-01-08 16:08:23,122.2,Grocery,0,normal
TX000968,ACC0010,MRC0016,2026-01-08 16:17:43,133.77,Pharmacy,0,normal
TX000969,ACC0051,MRC0028,2026-01-08 16:24:16,50.26,Utilities,0,normal
TX000970,ACC0032,MRC0024,2026-01-08 16:27:08,205.89,Fuel,0,normal
TX000971,ACC0042,ACC0034,2026-01-08 16:30:31,125.03,Fuel,0,normal
TX000972,ACC0036,MRC0031,2026-01-08 16:33:18,25.55,Fuel,0,normal
TX000973,ACC0006,MRC0012,2026-01-08 16:41:19,98.56,Online Shop,0,normal
TX000974,ACC0023,MRC0004,2026-01-08 16:42:04,58.29,Pharmacy,0,normal
TX000975,ACC0032,MRC0023,2026-01-08 16:53:59,218.75,Pharmacy,0,normal
TX000976,ACC0030,MRC0030,2026-01-08 16:54:56,176.79,Grocery,0,normal
TX000977,ACC0059,MRC0011,2026-01-08 17:04:16,207.27,Grocery,0,normal
TX000978,ACC0031,MRC0030,2026-01-08 17:09:10,66.98,Restaurant,0,normal
TX000979,ACC0056,MRC0036,2026-01-08 17:09:21,21.32,Restaurant,0,normal
TX000980,ACC0011,MRC0001,2026-01-08 17:16:08,156.65,Online Shop,0,normal
TX000981,ACC0053,MRC0039,2026-01-08 17:21:07,120.18,Pharmacy,0,normal
TX000982,ACC0049,ACC0046,2026-01-08 17:24:32,163.54,Restaurant,0,normal
TX000983,ACC0008,ACC0001,2026-01-08 17:30:19,195.32,Utilities,0,normal
TX000984,ACC0028,MRC0033,2026-01-08 17:44:56,186.82,Restaurant,0,normal
TX000985,ACC0032,MRC0023,2026-01-08 17:51:31,173.52,Transport,0,normal
TX000986,ACC0040,MRC0027,2026-01-08 17:51:51,19.98,Grocery,0,normal
TX000987,ACC0049,MRC0025,2026-01-08 18:04:54,151.8,Grocery,0,normal
TX000988,ACC0060,MRC0034,2026-01-08 18:07:49,135.67,Restaurant,0,normal
TX000989,ACC0009,MRC0004,2026-01-08 18:07:56,47.98,Pharmacy,0,normal
TX000990,ACC0047,MRC0038,2026-01-08 18:17:39,60.5,Transport,0,normal
TX000991,ACC0050,MRC0029,2026-01-08 18:28:47,134.09,Fuel,0,normal
TX000992,ACC0025,MRC0007,2026-01-08 18:34:00,186.56,Transport,0,normal
TX000993,ACC0039,MRC0005,2026-01-08 18:39:39,71.29,Transport,0,normal
TX000994,ACC0002,MRC0037,2026-01-08 18:47:11,136.72,Transport,0,normal
TX000995,ACC0041,MRC0026,2026-01-08 18:47:58,165.12,Pharmacy,0,normal
TX000996,ACC0008,MRC0025,2026-01-08 18:52:01,181.38,Pharmacy,0,normal
TX000997,ACC0053,MRC0039,2026-01-08 19:06:13,155.84,Grocery,0,normal
TX000998,ACC0001,MRC0024,2026-01-08 19:17:40,255.14,Utilities,0,normal
TX000999,ACC0051,MRC0037,2026-01-08 19:31:50,54.7,Grocery,0,normal
TX001000,ACC0015,MRC0033,2026-01-08 19:35:56,62.64,Utilities,0,normal
TX001001,ACC0048,MRC0001,2026-01-08 19:41:13,260.44,Restaurant,0,normal
TX001002,ACC0056,MRC0036,2026-01-08 19:55:16,25.89,Pharmacy,0,normal
TX001003,ACC0011,MRC0022,2026-01-08 20:06:45,75.36,Transport,0,normal
TX001004,ACC0011,MRC0001,2026-01-08 20:45:17,191.25,Restaurant,0,normal
TX001005,ACC0051,ACC0055,2026-01-08 20:48:52,44.53,Pharmacy,0,normal
TX001006,ACC0005,MRC0031,2026-01-08 20:55:59,298.6,Restaurant,0,normal
TX001007,ACC0020,MRC0023,2026-01-08 20:57:34,236.65,Pharmacy,0,normal
TX001008,ACC0025,MRC0034,2026-01-08 21:10:14,105.41,Restaurant,0,normal
TX001009,ACC0014,MRC0000,2026-01-08 21:14:35,134.29,Utilities,0,normal
TX001010,ACC0051,MRC0037,2026-01-08 21:27:28,72.96,Transport,0,normal
TX001011,ACC0019,MRC0022,2026-01-08 21:41:45,253.0,Transport,0,normal
TX001012,ACC0014,MRC0000,2026-01-08 21:46:24,386.98,Transport,0,normal
TX001013,ACC0046,MRC0013,2026-01-08 22:02:40,35.19,Utilities,0,normal
TX001014,ACC0011,MRC0022,2026-01-08 22:25:20,153.98,Transport,0,normal
TX001015,ACC0058,MRC0025,2026-01-08 22:30:48,25.1,Pharmacy,0,normal
TX001016,ACC0013,ACC0044,2026-01-08 22:42:19,70.69,Restaurant,0,normal
TX001017,ACC0022,MRC0023,2026-01-09 07:09:44,103.55,Transport,0,normal
TX001018,ACC0027,MRC0014,2026-01-09 07:28:09,56.0,Utilities,0,normal
TX001019,ACC0025,MRC0007,2026-01-09 07:29:17,139.62,Transport,0,normal
TX001020,ACC0044,MRC0019,2026-01-09 07:48:30,63.34,Online Shop,0,normal
TX001021,ACC0022,ACC0038,2026-01-09 07:51:40,60.6,Restaurant,0,normal
TX001022,ACC0041,MRC0026,2026-01-09 07:51:56,209.19,Fuel,0,normal
TX001023,ACC0040,MRC0009,2026-01-09 08:15:16,44.88,Online Shop,0,normal
TX001024,ACC0002,MRC0037,2026-01-09 08:17:19,56.43,Transport,0,normal
TX001025,ACC0026,MRC0007,2026-01-09 08:27:47,233.62,Grocery,0,normal
TX001026,ACC0041,ACC0033,2026-01-09 08:38:35,161.25,Pharmacy,0,normal
TX001027,ACC0040,MRC0009,2026-01-09 08:49:46,31.36,Pharmacy,0,normal
TX001028,ACC0031,MRC0021,2026-01-09 08:56:03,36.74,Fuel,0,normal
TX001029,ACC0021,MRC0034,2026-01-09 09:19:13,85.69,Utilities,0,normal
TX001030,ACC0051,MRC0024,2026-01-09 09:23:25,50.25,Pharmacy,0,normal
TX001031,ACC0014,MRC0010,2026-01-09 09:23:35,187.24,Online Shop,0,normal
TX001032,ACC0042,MRC0030,2026-01-09 09:36:59,86.57,Transport,0,normal
TX001033,ACC0013,MRC0015,2026-01-09 09:55:41,107.7,Restaurant,0,normal
TX001034,ACC0001,MRC0034,2026-01-09 10:32:31,244.02,Grocery,0,normal
TX001035,ACC0049,MRC0010,2026-01-09 10:34:55,78.08,Utilities,0,normal
TX001036,ACC0057,MRC0000,2026-01-09 10:36:26,38.11,Online Shop,0,normal
TX001037,ACC0048,MRC0001,2026-01-09 10:37:20,128.03,Utilities,0,normal
TX001038,ACC0046,MRC0013,2026-01-09 10:38:30,39.49,Fuel,0,normal
TX001039,ACC0044,MRC0001,2026-01-09 10:40:36,116.56,Utilities,0,normal
TX001040,ACC0007,ACC0006,2026-01-09 11:04:43,44.03,Grocery,0,normal
TX001041,ACC0042,MRC0022,2026-01-09 11:08:16,112.12,Utilities,0,normal
TX001042,ACC0006,MRC0004,2026-01-09 11:14:17,307.52,Pharmacy,0,normal
TX001043,ACC0058,ACC0015,2026-01-09 11:22:34,60.0,Pharmacy,0,normal
TX001044,ACC0029,MRC0038,2026-01-09 11:27:01,102.42,Grocery,0,normal
TX001045,ACC0010,MRC0004,2026-01-09 11:33:20,115.3,Utilities,0,normal
TX001046,ACC0005,MRC0023,2026-01-09 11:36:22,227.24,Transport,0,normal
TX001047,ACC0012,ACC0038,2026-01-09 11:42:41,90.34,Online Shop,0,normal
TX001048,ACC0004,MRC0035,2026-01-09 11:51:21,67.72,Grocery,0,normal
TX001049,ACC0010,MRC0004,2026-01-09 11:59:10,126.49,Restaurant,0,normal
TX001050,ACC0041,MRC0026,2026-01-09 12:05:19,401.21,Fuel,0,normal
TX001051,ACC0012,MRC0002,2026-01-09 12:07:23,63.88,Transport,0,normal
TX001052,ACC0059,MRC0031,2026-01-09 12:08:45,179.29,Fuel,0,normal
TX001053,ACC0050,MRC0039,2026-01-09 12:12:51,132.7,Restaurant,0,normal
TX001054,ACC0051,MRC0028,2026-01-09 12:20:02,67.76,Fuel,0,normal
TX001055,ACC0038,MRC0022,2026-01-09 12:20:11,109.74,Grocery,0,normal
TX001056,ACC0058,MRC0032,2026-01-09 12:20:35,54.01,Fuel,0,normal
TX001057,ACC0027,MRC0039,2026-01-09 12:36:32,234.5,Restaurant,0,normal
TX001058,ACC0048,MRC0012,2026-01-09 12:43:12,105.58,Restaurant,0,normal
TX001059,ACC0007,MRC0013,2026-01-09 12:48:13,17.84,Pharmacy,0,normal
TX001060,ACC0036,MRC0008,2026-01-09 12:52:04,24.8,Utilities,0,normal
TX001061,ACC0017,MRC0029,2026-01-09 12:53:31,205.21,Utilities,0,normal
TX001062,ACC0042,MRC0029,2026-01-09 12:54:03,157.31,Restaurant,0,normal
TX001063,ACC0045,MRC0001,2026-01-09 12:57:19,116.96,Utilities,0,normal
TX001064,ACC0002,MRC0003,2026-01-09 12:57:27,107.53,Online Shop,0,normal
TX001065,ACC0032,MRC0014,2026-01-09 13:06:41,223.39,Utilities,0,normal
TX001066,ACC0058,MRC0030,2026-01-09 13:07:03,42.15,Online Shop,0,normal
TX001067,ACC0018,MRC0036,2026-01-09 13:09:49,108.37,Online Shop,0,normal
TX001068,ACC0060,MRC0004,2026-01-09 13:10:23,246.73,Utilities,0,normal
TX001069,ACC0056,MRC0024,2026-01-09 13:13:13,19.21,Grocery,0,normal
TX001070,ACC0022,MRC0022,2026-01-09 13:21:54,68.24,Transport,0,normal
TX001071,ACC0015,MRC0026,2026-01-09 13:22:17,78.78,Utilities,0,normal
TX001072,ACC0029,MRC0038,2026-01-09 13:22:46,81.36,Restaurant,0,normal
TX001073,ACC0055,ACC0033,2026-01-09 13:23:57,41.4,Pharmacy,0,normal
TX001074,ACC0004,MRC0028,2026-01-09 13:25:06,59.91,Online Shop,0,normal
TX001075,ACC0054,ACC0019,2026-01-09 13:27:07,176.5,Utilities,0,normal
TX001076,ACC0009,MRC0004,2026-01-09 13:29:45,51.6,Fuel,0,normal
TX001077,ACC0047,MRC0027,2026-01-09 13:29:51,100.13,Online Shop,0,normal
TX001078,ACC0047,MRC0036,2026-01-09 13:30:11,61.38,Pharmacy,0,normal
TX001079,ACC0025,MRC0016,2026-01-09 13:37:27,98.4,Restaurant,0,normal
TX001080,ACC0001,MRC0034,2026-01-09 13:37:42,149.76,Pharmacy,0,normal
TX001081,ACC0031,ACC0055,2026-01-09 13:38:45,99.1,Utilities,0,normal
TX001082,ACC0049,MRC0025,2026-01-09 13:38:58,131.92,Utilities,0,normal
TX001083,ACC0046,MRC0005,2026-01-09 13:46:37,42.89,Pharmacy,0,normal
TX001084,ACC0058,MRC0030,2026-01-09 13:49:48,20.17,Fuel,0,normal
TX001085,ACC0036,MRC0018,2026-01-09 13:59:30,33.05,Fuel,0,normal
TX001086,ACC0051,MRC0028,2026-01-09 14:10:56,96.49,Fuel,0,normal
TX001087,ACC0004,MRC0020,2026-01-09 14:11:01,44.65,Restaurant,0,normal
TX001088,ACC0026,MRC0032,2026-01-09 14:19:33,65.11,Grocery,0,normal
TX001089,ACC0060,MRC0004,2026-01-09 14:23:13,190.31,Utilities,0,normal
TX001090,ACC0058,MRC0032,2026-01-09 14:26:46,26.83,Transport,0,normal
TX001091,ACC0004,MRC0020,2026-01-09 14:27:35,47.03,Fuel,0,normal
TX001092,ACC0034,MRC0023,2026-01-09 14:29:11,44.3,Utilities,0,normal
TX001093,ACC0025,MRC0007,2026-01-09 14:31:17,172.09,Pharmacy,0,normal
TX001094,ACC0018,MRC0003,2026-01-09 14:33:35,94.86,Online Shop,0,normal
TX001095,ACC0037,ACC0029,2026-01-09 14:45:05,119.53,Restaurant,0,normal
TX001096,ACC0015,MRC0026,2026-01-09 14:52:36,96.1,Utilities,0,normal
TX001097,ACC0024,MRC0013,2026-01-09 14:54:56,140.08,Grocery,0,normal
TX001098,ACC0023,MRC0027,2026-01-09 14:58:39,104.87,Transport,0,normal
TX001099,ACC0046,MRC0005,2026-01-09 15:00:49,25.95,Pharmacy,0,normal
TX001100,ACC0046,ACC0057,2026-01-09 15:06:52,30.17,Transport,0,normal
TX001101,ACC0009,MRC0008,2026-01-09 15:07:19,38.57,Transport,0,normal
TX001102,ACC0004,MRC0021,2026-01-09 15:09:18,72.72,Pharmacy,0,normal
TX001103,ACC0028,MRC0030,2026-01-09 15:26:01,96.34,Transport,0,normal
TX001104,ACC0012,MRC0002,2026-01-09 15:26:33,107.49,Transport,0,normal
TX001105,ACC0013,MRC0019,2026-01-09 15:33:07,82.9,Transport,0,normal
TX001106,ACC0017,MRC0032,2026-01-09 15:35:53,161.28,Transport,0,normal
TX001107,ACC0025,MRC0016,2026-01-09 15:36:14,152.7,Transport,0,normal
TX001108,ACC0001,MRC0034,2026-01-09 15:43:43,130.47,Grocery,0,normal
TX001109,ACC0002,MRC0003,2026-01-09 15:47:31,61.8,Grocery,0,normal
TX001110,ACC0028,MRC0039,2026-01-09 15:52:00,79.7,Online Shop,1,repeated
TX001111,ACC0028,MRC0030,2026-01-09 15:54:00,250.34,Transport,0,normal
TX001112,ACC0028,MRC0039,2026-01-09 15:54:00,79.7,Online Shop,1,repeated
TX001113,ACC0025,MRC0007,2026-01-09 15:55:59,138.6,Grocery,0,normal
TX001114,ACC0028,MRC0039,2026-01-09 15:56:00,79.7,Online Shop,1,repeated
TX001115,ACC0021,MRC0011,2026-01-09 15:59:19,94.57,Pharmacy,0,normal
TX001116,ACC0001,MRC0016,2026-01-09 16:07:58,113.7,Online Shop,0,normal
TX001117,ACC0003,ACC0004,2026-01-09 16:12:38,30.31,Online Shop,0,normal
TX001118,ACC0009,MRC0024,2026-01-09 16:13:06,40.47,Online Shop,0,normal
TX001119,ACC0037,ACC0033,2026-01-09 16:39:10,95.72,Restaurant,0,normal
TX001120,ACC0050,MRC0018,2026-01-09 16:48:32,66.27,Fuel,0,normal
TX001121,ACC0009,MRC0003,2026-01-09 16:58:24,25.41,Transport,0,normal
TX001122,ACC0037,MRC0033,2026-01-09 16:59:03,113.31,Grocery,0,normal
TX001123,ACC0010,MRC0036,2026-01-09 17:02:45,211.61,Grocery,0,normal
TX001124,ACC0002,MRC0005,2026-01-09 17:31:58,31.9,Grocery,0,normal
TX001125,ACC0059,MRC0035,2026-01-09 17:50:36,183.1,Pharmacy,0,normal
TX001126,ACC0008,MRC0015,2026-01-09 17:51:49,111.68,Grocery,0,normal
TX001127,ACC0026,MRC0003,2026-01-09 18:09:50,146.37,Restaurant,0,normal
TX001128,ACC0009,MRC0004,2026-01-09 18:14:34,31.98,Grocery,0,normal
TX001129,ACC0007,MRC0013,2026-01-09 18:17:09,40.27,Pharmacy,0,normal
TX001130,ACC0040,MRC0009,2026-01-09 18:40:21,30.3,Transport,0,normal
TX001131,ACC0056,MRC0024,2026-01-09 19:01:23,42.03,Grocery,0,normal
TX001132,ACC0051,MRC0038,2026-01-09 19:13:26,45.08,Utilities,0,normal
TX001133,ACC0019,ACC0046,2026-01-09 19:51:05,202.59,Grocery,0,normal
TX001134,ACC0014,MRC0010,2026-01-09 20:30:25,230.5,Restaurant,0,normal
TX001135,ACC0045,MRC0001,2026-01-09 21:27:53,63.26,Online Shop,0,normal
TX001136,ACC0007,MRC0013,2026-01-09 21:47:01,30.67,Pharmacy,0,normal
TX001137,ACC0021,MRC0014,2026-01-09 21:57:13,116.4,Online Shop,0,normal
TX001138,ACC0021,MRC0011,2026-01-09 22:12:31,51.03,Online Shop,0,normal
TX001139,ACC0001,MRC0016,2026-01-09 22:27:16,332.16,Transport,0,normal
TX001140,ACC0060,MRC0038,2026-01-09 22:27:17,266.39,Transport,0,normal
TX001141,ACC0001,MRC0024,2026-01-09 22:29:26,67.9,Online Shop,0,normal
TX001142,ACC0016,MRC0029,2026-01-10 07:18:10,190.41,Fuel,0,normal
TX001143,ACC0042,MRC0030,2026-01-10 07:33:16,50.74,Grocery,0,normal
TX001144,ACC0029,MRC0038,2026-01-10 07:35:12,174.27,Transport,0,normal
TX001145,ACC0056,MRC0024,2026-01-10 07:38:57,18.71,Grocery,0,normal
TX001146,ACC0003,MRC0016,2026-01-10 07:41:01,14.86,Utilities,0,normal
TX001147,ACC0052,MRC0020,2026-01-10 07:52:23,47.06,Transport,0,normal
TX001148,ACC0003,MRC0037,2026-01-10 07:54:28,29.62,Fuel,0,normal
TX001149,ACC0048,MRC0012,2026-01-10 07:58:35,221.56,Utilities,0,normal
TX001150,ACC0015,MRC0005,2026-01-10 08:18:27,51.83,Transport,0,normal
TX001151,ACC0040,MRC0009,2026-01-10 09:12:02,18.52,Grocery,0,normal
TX001152,ACC0027,MRC0039,2026-01-10 09:50:44,159.29,Pharmacy,0,normal
TX001153,ACC0046,MRC0005,2026-01-10 10:05:16,30.84,Transport,0,normal
TX001154,ACC0030,ACC0050,2026-01-10 10:18:59,166.43,Restaurant,0,normal
TX001155,ACC0038,ACC0048,2026-01-10 10:23:35,119.29,Transport,0,normal
TX001156,ACC0031,MRC0000,2026-01-10 10:28:57,80.44,Utilities,0,normal
TX001157,ACC0004,ACC0045,2026-01-10 10:32:30,41.83,Online Shop,0,normal
TX001158,ACC0058,ACC0015,2026-01-10 10:39:29,52.61,Online Shop,0,normal
TX001159,ACC0055,MRC0008,2026-01-10 10:48:57,40.71,Online Shop,0,normal
TX001160,ACC0023,MRC0004,2026-01-10 11:01:50,136.88,Transport,0,normal
TX001161,ACC0044,MRC0019,2026-01-10 11:05:28,105.47,Pharmacy,0,normal
TX001162,ACC0009,MRC0024,2026-01-10 11:09:34,32.77,Utilities,0,normal
TX001163,ACC0054,MRC0039,2026-01-10 11:13:43,92.85,Restaurant,0,normal
TX001164,ACC0017,MRC0032,2026-01-10 11:27:51,248.75,Transport,0,normal
TX001165,ACC0013,MRC0015,2026-01-10 11:30:36,73.32,Pharmacy,0,normal
TX001166,ACC0058,MRC0029,2026-01-10 11:35:35,30.55,Online Shop,0,normal
TX001167,ACC0022,MRC0031,2026-01-10 11:35:55,59.32,Pharmacy,0,normal
TX001168,ACC0016,MRC0009,2026-01-10 11:41:16,74.97,Pharmacy,0,normal
TX001169,ACC0036,MRC0008,2026-01-10 11:51:53,36.23,Pharmacy,0,normal
TX001170,ACC0021,MRC0008,2026-01-10 12:09:21,65.74,Grocery,0,normal
TX001171,ACC0059,MRC0019,2026-01-10 12:12:26,87.09,Fuel,0,normal
TX001172,ACC0029,MRC0030,2026-01-10 12:41:48,143.2,Transport,0,normal
TX001173,ACC0046,MRC0015,2026-01-10 12:46:17,29.67,Utilities,0,normal
TX001174,ACC0013,MRC0032,2026-01-10 12:49:43,66.86,Fuel,0,normal
TX001175,ACC0008,MRC0024,2026-01-10 12:53:31,84.77,Grocery,0,normal
TX001176,ACC0048,MRC0001,2026-01-10 12:56:40,88.58,Fuel,0,normal
TX001177,ACC0026,MRC0000,2026-01-10 13:04:52,174.5,Transport,0,normal
TX001178,ACC0017,MRC0034,2026-01-10 13:06:58,181.77,Online Shop,0,normal
TX001179,ACC0055,MRC0008,2026-01-10 13:09:36,52.38,Pharmacy,0,normal
TX001180,ACC0009,MRC0024,2026-01-10 13:11:53,40.48,Utilities,0,normal
TX001181,ACC0047,ACC0021,2026-01-10 13:14:58,43.38,Fuel,0,normal
TX001182,ACC0034,ACC0012,2026-01-10 13:19:35,67.51,Utilities,0,normal
TX001183,ACC0036,ACC0040,2026-01-10 13:19:43,29.71,Restaurant,0,normal
TX001184,ACC0052,MRC0024,2026-01-10 13:26:20,41.36,Grocery,0,normal
TX001185,ACC0055,MRC0037,2026-01-10 13:44:57,78.63,Utilities,0,normal
TX001186,ACC0052,ACC0018,2026-01-10 13:45:56,30.13,Fuel,0,normal
TX001187,ACC0025,MRC0016,2026-01-10 13:57:32,88.32,Utilities,0,normal
TX001188,ACC0004,MRC0035,2026-01-10 13:59:22,47.36,Fuel,0,normal
TX001189,ACC0037,MRC0013,2026-01-10 14:08:05,160.64,Online Shop,0,normal
TX001190,ACC0038,MRC0003,2026-01-10 14:18:30,95.58,Restaurant,0,normal
TX001191,ACC0021,ACC0030,2026-01-10 14:20:00,5465.7,Transfer,1,ring
TX001192,ACC0006,MRC0010,2026-01-10 14:25:11,54.95,Utilities,0,normal
TX001193,ACC0002,MRC0037,2026-01-10 14:27:52,24.58,Transport,0,normal
TX001194,ACC0034,MRC0018,2026-01-10 14:29:53,49.2,Restaurant,0,normal
TX001195,ACC0001,MRC0016,2026-01-10 14:32:10,128.9,Online Shop,0,normal
TX001196,ACC0037,MRC0019,2026-01-10 14:33:21,82.64,Utilities,0,normal
TX001197,ACC0045,MRC0001,2026-01-10 14:35:51,66.0,Transport,0,normal
TX001198,ACC0043,MRC0007,2026-01-10 14:40:22,52.67,Restaurant,0,normal
TX001199,ACC0044,MRC0011,2026-01-10 14:41:55,59.8,Online Shop,0,normal
TX001200,ACC0059,MRC0019,2026-01-10 14:45:41,134.29,Transport,0,normal
TX001201,ACC0003,MRC0016,2026-01-10 14:52:06,16.55,Pharmacy,0,normal
TX001202,ACC0016,MRC0030,2026-01-10 14:59:27,81.33,Utilities,0,normal
TX001203,ACC0030,ACC0013,2026-01-10 15:00:00,5356.39,Transfer,1,ring
TX001204,ACC0053,MRC0022,2026-01-10 15:01:40,108.04,Online Shop,0,normal
TX001205,ACC0007,MRC0013,2026-01-10 15:08:05,68.69,Utilities,0,normal
TX001206,ACC0014,MRC0010,2026-01-10 15:10:15,123.95,Utilities,0,normal
TX001207,ACC0007,MRC0016,2026-01-10 15:11:51,33.84,Pharmacy,0,normal
TX001208,ACC0040,MRC0027,2026-01-10 15:12:28,19.27,Grocery,0,normal
TX001209,ACC0015,MRC0033,2026-01-10 15:22:44,68.52,Transport,0,normal
TX001210,ACC0007,MRC0013,2026-01-10 15:33:25,10.67,Transport,0,normal
TX001211,ACC0013,ACC0021,2026-01-10 15:40:00,5249.26,Transfer,1,ring
TX001212,ACC0014,MRC0004,2026-01-10 15:51:16,58.3,Grocery,0,normal
TX001213,ACC0010,MRC0036,2026-01-10 15:58:26,110.68,Online Shop,0,normal
TX001214,ACC0058,MRC0030,2026-01-10 15:59:13,62.49,Fuel,0,normal
TX001215,ACC0023,MRC0011,2026-01-10 16:05:03,246.09,Restaurant,0,normal
TX001216,ACC0053,MRC0039,2026-01-10 16:12:48,106.34,Fuel,0,normal
TX001217,ACC0040,MRC0027,2026-01-10 16:18:19,44.03,Online Shop,0,normal
TX001218,ACC0039,ACC0005,2026-01-10 16:25:45,119.08,Fuel,0,normal
TX001219,ACC0051,ACC0001,2026-01-10 16:28:22,63.87,Transport,0,normal
TX001220,ACC0018,MRC0036,2026-01-10 16:29:47,130.7,Utilities,0,normal
TX001221,ACC0017,MRC0034,2026-01-10 16:43:10,119.12,Grocery,0,normal
TX001222,ACC0021,MRC0011,2026-01-10 16:46:59,122.82,Fuel,0,normal
TX001223,ACC0007,ACC0006,2026-01-10 16:52:46,85.09,Pharmacy,0,normal
TX001224,ACC0040,MRC0027,2026-01-10 16:58:51,17.5,Pharmacy,0,normal
TX001225,ACC0030,ACC0008,2026-01-10 16:59:00,792.25,Transfer,1,fan_out
TX001226,ACC0030,ACC0029,2026-01-10 17:03:00,518.51,Transfer,1,fan_out
TX001227,ACC0030,ACC0023,2026-01-10 17:07:00,856.66,Transfer,1,fan_out
TX001228,ACC0004,MRC0020,2026-01-10 17:09:58,47.21,Online Shop,0,normal
TX001229,ACC0030,ACC0025,2026-01-10 17:11:00,521.85,Transfer,1,fan_out
TX001230,ACC0030,ACC0014,2026-01-10 17:15:00,364.54,Transfer,1,fan_out
TX001231,ACC0057,ACC0005,2026-01-10 17:15:59,30.7,Grocery,0,normal
TX001232,ACC0030,ACC0037,2026-01-10 17:19:00,399.92,Transfer,1,fan_out
TX001233,ACC0030,ACC0053,2026-01-10 17:23:00,596.71,Transfer,1,fan_out
TX001234,ACC0044,MRC0003,2026-01-10 17:26:39,77.15,Restaurant,0,normal
TX001235,ACC0030,ACC0049,2026-01-10 17:27:00,347.92,Transfer,1,fan_out
TX001236,ACC0030,ACC0048,2026-01-10 17:31:00,731.05,Transfer,1,fan_out
TX001237,ACC0030,ACC0035,2026-01-10 17:35:00,777.06,Transfer,1,fan_out
TX001238,ACC0040,MRC0030,2026-01-10 17:36:57,23.78,Restaurant,0,normal
TX001239,ACC0016,MRC0029,2026-01-10 17:47:38,91.36,Grocery,0,normal
TX001240,ACC0019,MRC0035,2026-01-10 17:58:50,152.5,Pharmacy,0,normal
TX001241,ACC0014,MRC0004,2026-01-10 17:59:11,207.51,Online Shop,0,normal
TX001242,ACC0054,MRC0010,2026-01-10 18:06:40,219.67,Restaurant,0,normal
TX001243,ACC0046,MRC0005,2026-01-10 18:08:40,122.39,Utilities,0,normal
TX001244,ACC0006,ACC0041,2026-01-10 18:11:07,194.89,Transport,0,normal
TX001245,ACC0025,MRC0034,2026-01-10 18:12:39,145.35,Restaurant,0,normal
TX001246,ACC0016,ACC0015,2026-01-10 18:22:41,47.67,Pharmacy,0,normal
TX001247,ACC0050,MRC0011,2026-01-10 18:23:50,117.97,Restaurant,0,normal
TX001248,ACC0030,ACC0050,2026-01-10 18:36:16,274.25,Pharmacy,0,normal
TX001249,ACC0007,MRC0021,2026-01-10 18:45:15,11.37,Fuel,0,normal
TX001250,ACC0020,ACC0027,2026-01-10 18:48:53,147.3,Utilities,0,normal
TX001251,ACC0014,MRC0010,2026-01-10 18:53:13,378.21,Transport,0,normal
TX001252,ACC0056,MRC0013,2026-01-10 18:53:19,49.55,Online Shop,0,normal
TX001253,ACC0041,MRC0026,2026-01-10 18:55:36,147.92,Utilities,0,normal
TX001254,ACC0050,MRC0039,2026-01-10 19:46:21,34.93,Online Shop,0,normal
TX001255,ACC0028,MRC0030,2026-01-10 20:02:10,79.03,Fuel,0,normal
TX001256,ACC0008,MRC0029,2026-01-10 20:05:10,153.84,Restaurant,0,normal
TX001257,ACC0052,MRC0013,2026-01-10 20:14:40,81.03,Restaurant,0,normal
TX001258,ACC0031,MRC0013,2026-01-10 20:42:32,108.67,Transport,0,normal
TX001259,ACC0054,ACC0040,2026-01-10 21:08:12,144.72,Pharmacy,0,normal
TX001260,ACC0025,MRC0034,2026-01-10 21:08:12,105.11,Fuel,0,normal
TX001261,ACC0052,ACC0018,2026-01-10 21:32:38,32.37,Pharmacy,0,normal
TX001262,ACC0039,MRC0005,2026-01-10 22:15:45,82.82,Pharmacy,0,normal
TX001263,ACC0029,MRC0009,2026-01-10 22:26:00,167.0,Transport,0,normal
TX001264,ACC0028,MRC0010,2026-01-11 07:07:38,116.52,Fuel,0,normal
TX001265,ACC0027,MRC0033,2026-01-11 07:14:41,192.41,Transport,0,normal
TX001266,ACC0055,MRC0008,2026-01-11 07:23:49,43.2,Grocery,0,normal
TX001267,ACC0060,MRC0038,2026-01-11 07:29:31,263.45,Restaurant,0,normal
TX001268,ACC0030,ACC0054,2026-01-11 07:33:47,212.09,Restaurant,0,normal
TX001269,ACC0003,MRC0035,2026-01-11 07:39:11,40.41,Online Shop,0,normal
TX001270,ACC0041,MRC0012,2026-01-11 07:43:58,117.65,Restaurant,0,normal
TX001271,ACC0044,MRC0011,2026-01-11 07:44:57,82.15,Fuel,0,normal
TX001272,ACC0034,MRC0018,2026-01-11 07:45:42,51.48,Transport,0,normal
TX001273,ACC0047,MRC0036,2026-01-11 07:54:26,110.59,Utilities,0,normal
TX001274,ACC0004,MRC0028,2026-01-11 08:00:35,72.14,Online Shop,0,normal
TX001275,ACC0010,MRC0016,2026-01-11 08:29:11,181.31,Transport,0,normal
TX001276,ACC0055,MRC0003,2026-01-11 08:38:13,56.23,Fuel,0,normal
TX001277,ACC0024,MRC0013,2026-01-11 08:38:35,76.56,Fuel,0,normal
TX001278,ACC0015,MRC0022,2026-01-11 08:39:29,79.14,Restaurant,0,normal
TX001279,ACC0011,MRC0027,2026-01-11 08:39:31,254.09,Pharmacy,0,normal
TX001280,ACC0025,MRC0034,2026-01-11 08:40:28,235.55,Utilities,0,normal
TX001281,ACC0048,MRC0015,2026-01-11 09:04:31,127.08,Restaurant,0,normal
TX001282,ACC0017,MRC0032,2026-01-11 09:13:39,143.41,Restaurant,0,normal
TX001283,ACC0014,MRC0027,2026-01-11 09:16:41,222.24,Online Shop,0,normal
TX001284,ACC0056,MRC0010,2026-01-11 09:18:07,20.24,Utilities,0,normal
TX001285,ACC0034,MRC0010,2026-01-11 09:18:45,80.18,Restaurant,0,normal
TX001286,ACC0042,MRC0033,2026-01-11 09:22:54,154.88,Restaurant,0,normal
TX001287,ACC0029,MRC0038,2026-01-11 09:23:16,66.47,Grocery,0,normal
TX001288,ACC0044,MRC0019,2026-01-11 09:25:57,118.64,Fuel,0,normal
TX001289,ACC0017,MRC0029,2026-01-11 09:39:58,230.97,Pharmacy,0,normal
TX001290,ACC0019,MRC0008,2026-01-11 09:43:04,395.49,Grocery,0,normal
TX001291,ACC0011,MRC0001,2026-01-11 09:44:17,133.4,Online Shop,0,normal
TX001292,ACC0022,MRC0028,2026-01-11 09:56:10,113.99,Fuel,0,normal
TX001293,ACC0034,MRC0037,2026-01-11 09:56:40,36.35,Restaurant,0,normal
TX001294,ACC0022,MRC0022,2026-01-11 10:21:22,61.95,Utilities,0,normal
TX001295,ACC0004,MRC0020,2026-01-11 10:21:31,80.49,Restaurant,0,normal
TX001296,ACC0025,MRC0034,2026-01-11 10:27:10,139.67,Online Shop,0,normal
TX001297,ACC0050,MRC0011,2026-01-11 10:28:36,61.01,Fuel,0,normal
TX001298,ACC0060,MRC0034,2026-01-11 10:32:29,144.04,Grocery,0,normal
TX001299,ACC0019,MRC0035,2026-01-11 10:45:03,178.39,Fuel,0,normal
TX001300,ACC0012,MRC0002,2026-01-11 10:51:31,125.04,Pharmacy,0,normal
TX001301,ACC0030,MRC0016,2026-01-11 10:52:08,243.83,Fuel,0,normal
TX001302,ACC0051,MRC0038,2026-01-11 10:58:28,75.53,Grocery,0,normal
TX001303,ACC0058,MRC0029,2026-01-11 11:02:13,25.11,Transport,0,normal
TX001304,ACC0032,MRC0016,2026-01-11 11:13:54,234.59,Pharmacy,0,normal
TX001305,ACC0004,MRC0020,2026-01-11 11:26:25,27.39,Transport,0,normal
TX001306,ACC0021,ACC0035,2026-01-11 11:43:29,86.83,Fuel,0,normal
TX001307,ACC0033,MRC0004,2026-01-11 11:46:41,120.86,Grocery,0,normal
TX001308,ACC0029,MRC0038,2026-01-11 12:06:29,209.69,Online Shop,0,normal
TX001309,ACC0050,MRC0018,2026-01-11 12:21:05,116.15,Fuel,0,normal
TX001310,ACC0054,MRC0023,2026-01-11 12:41:09,89.11,Restaurant,0,normal
TX001311,ACC0027,MRC0039,2026-01-11 12:45:13,297.12,Fuel,0,normal
TX001312,ACC0056,MRC0024,2026-01-11 12:55:51,19.63,Fuel,0,normal
TX001313,ACC0056,MRC0013,2026-01-11 12:55:55,40.4,Restaurant,0,normal
TX001314,ACC0036,MRC0031,2026-01-11 12:56:26,46.56,Transport,0,normal
TX001315,ACC0059,MRC0035,2026-01-11 12:59:41,154.55,Fuel,0,normal
TX001316,ACC0059,MRC0011,2026-01-11 13:09:19,114.08,Grocery,0,normal
TX001317,ACC0032,MRC0024,2026-01-11 13:09:22,81.39,Utilities,0,normal
TX001318,ACC0038,MRC0035,2026-01-11 13:19:49,89.18,Fuel,0,normal
TX001319,ACC0052,ACC0018,2026-01-11 13:28:06,49.71,Transport,0,normal
TX001320,ACC0060,ACC0029,2026-01-11 13:32:42,142.86,Fuel,0,normal
TX001321,ACC0012,MRC0005,2026-01-11 13:40:30,91.55,Restaurant,0,normal
TX001322,ACC0046,MRC0015,2026-01-11 13:46:44,38.29,Transport,0,normal
TX001323,ACC0041,MRC0023,2026-01-11 13:56:59,182.7,Transport,0,normal
TX001324,ACC0023,MRC0027,2026-01-11 14:06:41,208.37,Utilities,0,normal
TX001325,ACC0057,MRC0017,2026-01-11 14:08:37,54.5,Pharmacy,0,normal
TX001326,ACC0033,MRC0014,2026-01-11 14:11:41,125.89,Restaurant,0,normal
TX001327,ACC0006,MRC0012,2026-01-11 14:15:38,180.29,Grocery,0,normal
TX001328,ACC0039,MRC0004,2026-01-11 14:18:21,109.23,Grocery,0,normal
TX001329,ACC0029,MRC0038,2026-01-11 14:22:00,124.52,Utilities,0,normal
TX001330,ACC0059,MRC0035,2026-01-11 14:23:59,127.99,Grocery,0,normal
TX001331,ACC0046,MRC0015,2026-01-11 14:29:57,62.11,Restaurant,0,normal
TX001332,ACC0010,MRC0016,2026-01-11 14:31:48,361.88,Online Shop,0,normal
TX001333,ACC0044,MRC0019,2026-01-11 14:32:38,102.12,Online Shop,0,normal
TX001334,ACC0006,MRC0005,2026-01-11 14:32:53,97.03,Fuel,0,normal
TX001335,ACC0037,MRC0013,2026-01-11 14:32:58,59.02,Transport,0,normal
TX001336,ACC0017,MRC0032,2026-01-11 14:40:15,100.82,Fuel,0,normal
TX001337,ACC0003,MRC0016,2026-01-11 14:42:09,52.82,Pharmacy,0,normal
TX001338,ACC0024,MRC0018,2026-01-11 14:42:51,129.45,Utilities,0,normal
TX001339,ACC0001,MRC0024,2026-01-11 14:49:45,150.18,Restaurant,0,normal
TX001340,ACC0026,MRC0032,2026-01-11 15:20:27,172.49,Grocery,0,normal
TX001341,ACC0035,MRC0031,2026-01-11 15:28:17,88.93,Restaurant,0,normal
TX001342,ACC0047,MRC0036,2026-01-11 15:30:10,41.32,Transport,0,normal
TX001343,ACC0009,MRC0004,2026-01-11 15:31:00,29.6,Transport,0,normal
TX001344,ACC0025,ACC0014,2026-01-11 15:47:38,135.29,Pharmacy,0,normal
TX001345,ACC0052,MRC0020,2026-01-11 15:50:19,44.18,Utilities,0,normal
TX001346,ACC0033,MRC0038,2026-01-11 15:57:40,311.44,Utilities,0,normal
TX001347,ACC0041,MRC0026,2026-01-11 16:00:34,171.7,Restaurant,0,normal
TX001348,ACC0014,MRC0000,2026-01-11 16:03:30,190.29,Utilities,0,normal
TX001349,ACC0053,MRC0022,2026-01-11 16:07:14,108.0,Transport,0,normal
TX001350,ACC0040,MRC0009,2026-01-11 16:08:28,17.24,Transport,0,normal
TX001351,ACC0010,MRC0036,2026-01-11 16:09:40,224.68,Restaurant,0,normal
TX001352,ACC0002,MRC0005,2026-01-11 16:15:01,52.15,Utilities,0,normal
TX001353,ACC0029,MRC0028,2026-01-11 16:29:20,214.76,Grocery,0,normal
TX001354,ACC0043,MRC0037,2026-01-11 16:29:48,55.03,Grocery,0,normal
TX001355,ACC0035,MRC0037,2026-01-11 16:30:22,111.08,Fuel,0,normal
TX001356,ACC0027,ACC0030,2026-01-11 16:36:12,208.1,Grocery,0,normal
TX001357,ACC0050,MRC0039,2026-01-11 16:36:37,81.75,Utilities,0,normal
TX001358,ACC0025,MRC0010,2026-01-11 16:38:17,139.85,Transport,0,normal
TX001359,ACC0039,MRC0006,2026-01-11 16:51:13,102.4,Fuel,0,normal
TX001360,ACC0014,MRC0004,2026-01-11 17:11:01,135.62,Utilities,0,normal
TX001361,ACC0007,MRC0037,2026-01-11 17:33:29,31.98,Fuel,0,normal
TX001362,ACC0042,MRC0030,2026-01-11 17:36:13,129.38,Fuel,0,normal
TX001363,ACC0003,MRC0037,2026-01-11 17:36:23,22.89,Utilities,0,normal
TX001364,ACC0007,MRC0013,2026-01-11 17:44:50,12.14,Utilities,0,normal
TX001365,ACC0002,MRC0037,2026-01-11 17:46:08,68.14,Online Shop,0,normal
TX001366,ACC0034,MRC0023,2026-01-11 17:47:35,50.6,Fuel,0,normal
TX001367,ACC0055,MRC0001,2026-01-11 17:47:41,49.2,Online Shop,0,normal
TX001368,ACC0015,MRC0026,2026-01-11 18:13:09,43.95,Utilities,0,normal
TX001369,ACC0044,ACC0018,2026-01-11 18:13:54,132.83,Online Shop,0,normal
TX001370,ACC0024,MRC0013,2026-01-11 18:21:10,97.72,Grocery,0,normal
TX001371,ACC0051,MRC0038,2026-01-11 18:26:18,66.99,Restaurant,0,normal
TX001372,ACC0017,MRC0039,2026-01-11 18:48:31,184.63,Online Shop,0,normal
TX001373,ACC0046,MRC0037,2026-01-11 18:58:24,23.12,Transport,0,normal
TX001374,ACC0050,MRC0029,2026-01-11 19:00:39,212.0,Restaurant,0,normal
TX001375,ACC0012,MRC0005,2026-01-11 19:24:14,39.65,Fuel,0,normal
TX001376,ACC0026,MRC0000,2026-01-11 19:34:21,121.18,Fuel,0,normal
TX001377,ACC0054,MRC0023,2026-01-11 19:39:10,92.67,Transport,0,normal
TX001378,ACC0046,MRC0037,2026-01-11 20:12:10,40.54,Grocery,0,normal
TX001379,ACC0051,MRC0024,2026-01-11 20:17:40,45.0,Online Shop,0,normal
TX001380,ACC0036,ACC0040,2026-01-11 20:30:03,70.73,Utilities,0,normal
TX001381,ACC0021,MRC0034,2026-01-11 20:50:57,109.39,Grocery,0,normal
TX001382,ACC0041,MRC0036,2026-01-11 20:52:49,172.09,Online Shop,0,normal
TX001383,ACC0052,MRC0007,2026-01-11 21:45:57,26.74,Fuel,0,normal
TX001384,ACC0015,MRC0022,2026-01-11 21:58:37,67.3,Transport,0,normal
TX001385,ACC0028,MRC0010,2026-01-11 22:03:13,93.96,Restaurant,0,normal
TX001386,ACC0002,MRC0037,2026-01-11 22:54:17,43.14,Restaurant,0,normal
TX001387,ACC0027,MRC0014,2026-01-12 07:25:07,154.47,Restaurant,0,normal
TX001388,ACC0008,MRC0025,2026-01-12 07:32:15,90.59,Restaurant,0,normal
TX001389,ACC0035,MRC0031,2026-01-12 07:33:07,71.2,Transport,0,normal
TX001390,ACC0045,ACC0040,2026-01-12 07:36:54,77.47,Utilities,0,normal
TX001391,ACC0057,MRC0017,2026-01-12 07:37:38,69.21,Online Shop,0,normal
TX001392,ACC0039,MRC0006,2026-01-12 07:39:49,102.73,Transport,0,normal
TX001393,ACC0035,MRC0034,2026-01-12 08:30:06,98.66,Utilities,0,normal
TX001394,ACC0005,MRC0023,2026-01-12 08:30:29,93.59,Restaurant,0,normal
TX001395,ACC0027,MRC0039,2026-01-12 08:37:13,132.47,Transport,0,normal
TX001396,ACC0019,MRC0008,2026-01-12 08:41:08,154.67,Fuel,0,normal
TX001397,ACC0051,MRC0037,2026-01-12 08:49:30,87.95,Pharmacy,0,normal
TX001398,ACC0028,ACC0060,2026-01-12 09:10:38,100.01,Restaurant,0,normal
TX001399,ACC0028,MRC0020,2026-01-12 09:17:23,125.94,Fuel,0,normal
TX001400,ACC0060,ACC0029,2026-01-12 09:50:31,270.86,Transport,0,normal
TX001401,ACC0034,MRC0010,2026-01-12 10:08:26,89.15,Pharmacy,0,normal
TX001402,ACC0055,MRC0008,2026-01-12 10:13:17,86.34,Transport,0,normal
TX001403,ACC0048,MRC0012,2026-01-12 10:13:38,57.0,Grocery,0,normal
TX001404,ACC0058,MRC0032,2026-01-12 10:17:15,33.59,Fuel,0,normal
TX001405,ACC0055,MRC0037,2026-01-12 10:19:56,31.27,Fuel,0,normal
TX001406,ACC0035,MRC0031,2026-01-12 10:37:27,149.91,Transport,0,normal
TX001407,ACC0009,ACC0042,2026-01-12 10:46:32,38.98,Fuel,0,normal
TX001408,ACC0020,MRC0017,2026-01-12 10:47:57,87.86,Restaurant,0,normal
TX001409,ACC0021,MRC0034,2026-01-12 10:53:13,90.45,Restaurant,0,normal
TX001410,ACC0020,MRC0013,2026-01-12 11:04:07,113.56,Restaurant,0,normal
TX001411,ACC0021,MRC0034,2026-01-12 11:06:45,116.06,Transport,0,normal
TX001412,ACC0020,MRC0017,2026-01-12 11:12:21,139.66,Restaurant,0,normal
TX001413,ACC0008,MRC0015,2026-01-12 11:22:30,148.85,Grocery,0,normal
TX001414,ACC0032,MRC0024,2026-01-12 11:43:17,330.85,Transport,0,normal
TX001415,ACC0051,MRC0037,2026-01-12 11:43:48,59.77,Online Shop,0,normal
TX001416,ACC0014,MRC0010,2026-01-12 11:51:11,161.02,Restaurant,0,normal
TX001417,ACC0059,MRC0035,2026-01-12 11:51:24,239.94,Online Shop,0,normal
TX001418,ACC0040,MRC0019,2026-01-12 11:57:39,20.21,Utilities,0,normal
TX001419,ACC0026,MRC0000,2026-01-12 12:01:58,131.38,Fuel,0,normal
TX001420,ACC0007,MRC0037,2026-01-12 12:02:52,37.62,Transport,0,normal
TX001421,ACC0054,MRC0010,2026-01-12 12:32:09,131.42,Fuel,0,normal
TX001422,ACC0006,MRC0010,2026-01-12 12:38:17,150.25,Transport,0,normal
TX001423,ACC0016,MRC0030,2026-01-12 12:43:19,188.06,Transport,0,normal
TX001424,ACC0023,MRC0004,2026-01-12 12:43:54,118.7,Pharmacy,0,normal
TX001425,ACC0045,ACC0006,2026-01-12 12:52:04,72.54,Pharmacy,0,normal
TX001426,ACC0014,ACC0029,2026-01-12 13:01:26,136.57,Grocery,0,normal
TX001427,ACC0057,MRC0011,2026-01-12 13:09:52,31.37,Pharmacy,0,normal
TX001428,ACC0056,MRC0013,2026-01-12 13:10:05,11.68,Grocery,0,normal
TX001429,ACC0012,MRC0010,2026-01-12 13:10:18,106.4,Utilities,0,normal
TX001430,ACC0052,MRC0020,2026-01-12 13:11:15,40.89,Pharmacy,0,normal
TX001431,ACC0039,MRC0006,2026-01-12 13:14:21,115.87,Utilities,0,normal
TX001432,ACC0017,ACC0038,2026-01-12 13:19:45,198.8,Pharmacy,0,normal
TX001433,ACC0046,ACC0029,2026-01-12 13:24:43,32.84,Online Shop,0,normal
TX001434,ACC0057,MRC0017,2026-01-12 13:30:43,38.78,Transport,0,normal
TX001435,ACC0019,MRC0022,2026-01-12 13:36:27,101.08,Utilities,0,normal
TX001436,ACC0049,MRC0031,2026-01-12 13:36:29,46.87,Transport,0,normal
TX001437,ACC0056,MRC0024,2026-01-12 13:39:59,17.84,Online Shop,0,normal
TX001438,ACC0027,MRC0039,2026-01-12 13:40:15,89.23,Grocery,0,normal
TX001439,ACC0015,MRC0026,2026-01-12 13:40:41,78.96,Fuel,0,normal
TX001440,ACC0030,MRC0038,2026-01-12 13:42:48,176.89,Fuel,0,normal
TX001441,ACC0019,ACC0003,2026-01-12 13:46:45,95.06,Fuel,0,normal
TX001442,ACC0054,MRC0023,2026-01-12 13:52:56,169.92,Restaurant,0,normal
TX001443,ACC0050,MRC0018,2026-01-12 13:55:01,57.73,Utilities,0,normal
TX001444,ACC0022,MRC0023,2026-01-12 14:07:49,55.23,Pharmacy,0,normal
TX001445,ACC0026,MRC0007,2026-01-12 14:08:53,94.64,Pharmacy,0,normal
TX001446,ACC0016,MRC0030,2026-01-12 14:10:59,168.1,Online Shop,0,normal
TX001447,ACC0020,MRC0013,2026-01-12 14:11:35,188.93,Restaurant,0,normal
TX001448,ACC0018,MRC0000,2026-01-12 14:12:57,161.97,Online Shop,0,normal
TX001449,ACC0001,MRC0024,2026-01-12 14:14:40,163.68,Fuel,0,normal
TX001450,ACC0054,MRC0033,2026-01-12 14:15:37,139.95,Restaurant,0,normal
TX001451,ACC0050,MRC0018,2026-01-12 14:15:55,66.92,Restaurant,0,normal
TX001452,ACC0002,MRC0003,2026-01-12 14:20:00,63.19,Utilities,0,normal
TX001453,ACC0011,MRC0035,2026-01-12 14:20:16,170.73,Fuel,0,normal
TX001454,ACC0057,MRC0023,2026-01-12 14:29:16,40.21,Online Shop,0,normal
TX001455,ACC0018,MRC0036,2026-01-12 14:34:05,124.11,Utilities,0,normal
TX001456,ACC0042,MRC0033,2026-01-12 14:35:28,225.15,Grocery,0,normal
TX001457,ACC0033,MRC0034,2026-01-12 14:49:46,112.16,Pharmacy,0,normal
TX001458,ACC0007,MRC0021,2026-01-12 14:56:15,19.98,Restaurant,0,normal
TX001459,ACC0002,MRC0037,2026-01-12 14:59:41,64.05,Pharmacy,0,normal
TX001460,ACC0039,MRC0024,2026-01-12 14:59:52,98.81,Grocery,0,normal
TX001461,ACC0018,MRC0036,2026-01-12 15:01:02,218.08,Online Shop,0,normal
TX001462,ACC0053,MRC0004,2026-01-12 15:04:26,38.99,Fuel,0,normal
TX001463,ACC0024,MRC0028,2026-01-12 15:06:24,136.93,Restaurant,0,normal
TX001464,ACC0035,MRC0031,2026-01-12 15:11:14,143.68,Fuel,0,normal
TX001465,ACC0040,MRC0027,2026-01-12 15:11:18,26.59,Pharmacy,0,normal
TX001466,ACC0022,MRC0028,2026-01-12 15:11:38,95.37,Grocery,0,normal
TX001467,ACC0018,ACC0050,2026-01-12 15:15:44,277.76,Online Shop,0,normal
TX001468,ACC0020,MRC0017,2026-01-12 15:27:43,121.2,Pharmacy,0,normal
TX001469,ACC0042,MRC0022,2026-01-12 15:34:36,113.03,Online Shop,0,normal
TX001470,ACC0017,MRC0039,2026-01-12 15:37:47,310.49,Pharmacy,0,normal
TX001471,ACC0031,MRC0000,2026-01-12 15:39:22,78.99,Online Shop,0,normal
TX001472,ACC0045,MRC0026,2026-01-12 15:45:19,143.35,Fuel,0,normal
TX001473,ACC0057,MRC0000,2026-01-12 15:55:42,26.64,Online Shop,0,normal
TX001474,ACC0042,MRC0033,2026-01-12 15:56:33,128.44,Grocery,0,normal
TX001475,ACC0059,MRC0011,2026-01-12 16:02:24,171.88,Utilities,0,normal
TX001476,ACC0016,MRC0013,2026-01-12 16:06:38,75.15,Grocery,0,normal
TX001477,ACC0013,ACC0044,2026-01-12 16:14:20,58.35,Fuel,0,normal
TX001478,ACC0041,MRC0020,2026-01-12 16:15:00,398.2,Online Shop,1,repeated
TX001479,ACC0022,MRC0023,2026-01-12 16:15:20,37.33,Utilities,0,normal
TX001480,ACC0041,MRC0020,2026-01-12 16:17:00,398.2,Online Shop,1,repeated
TX001481,ACC0009,MRC0024,2026-01-12 16:18:08,36.09,Restaurant,0,normal
TX001482,ACC0041,MRC0020,2026-01-12 16:19:00,398.2,Online Shop,1,repeated
TX001483,ACC0041,MRC0020,2026-01-12 16:21:00,398.2,Online Shop,1,repeated
TX001484,ACC0002,MRC0003,2026-01-12 16:22:06,57.82,Pharmacy,0,normal
TX001485,ACC0006,MRC0012,2026-01-12 16:22:13,208.28,Transport,0,normal
TX001486,ACC0010,MRC0036,2026-01-12 16:26:31,226.66,Restaurant,0,normal
TX001487,ACC0037,ACC0053,2026-01-12 16:33:00,433.77,Transfer,1,fan_in
TX001488,ACC0007,MRC0037,2026-01-12 16:33:13,29.89,Restaurant,0,normal
TX001489,ACC0025,ACC0053,2026-01-12 16:37:00,316.15,Transfer,1,fan_in
TX001490,ACC0003,MRC0029,2026-01-12 16:38:19,22.43,Utilities,0,normal
TX001491,ACC0043,ACC0053,2026-01-12 16:41:00,623.73,Transfer,1,fan_in
TX001492,ACC0031,ACC0053,2026-01-12 16:45:00,689.64,Transfer,1,fan_in
TX001493,ACC0056,ACC0053,2026-01-12 16:49:00,549.64,Transfer,1,fan_in
TX001494,ACC0058,MRC0032,2026-01-12 16:50:19,35.33,Restaurant,0,normal
TX001495,ACC0001,ACC0053,2026-01-12 16:53:00,521.93,Transfer,1,fan_in
TX001496,ACC0015,ACC0053,2026-01-12 16:57:00,891.37,Transfer,1,fan_in
TX001497,ACC0005,ACC0053,2026-01-12 17:01:00,586.52,Transfer,1,fan_in
TX001498,ACC0026,ACC0053,2026-01-12 17:05:00,778.84,Transfer,1,fan_in
TX001499,ACC0060,ACC0053,2026-01-12 17:09:00,472.3,Transfer,1,fan_in
TX001500,ACC0020,ACC0057,2026-01-12 17:12:39,140.45,Pharmacy,0,normal
TX001501,ACC0002,MRC0005,2026-01-12 17:14:36,38.92,Restaurant,0,normal
TX001502,ACC0010,MRC0036,2026-01-12 17:41:38,299.07,Online Shop,0,normal
TX001503,ACC0042,MRC0033,2026-01-12 17:46:42,98.31,Pharmacy,0,normal
TX001504,ACC0004,MRC0021,2026-01-12 17:48:14,37.9,Transport,0,normal
TX001505,ACC0041,MRC0012,2026-01-12 17:53:00,126.86,Grocery,0,normal
TX001506,ACC0054,MRC0023,2026-01-12 17:57:49,83.02,Pharmacy,0,normal
TX001507,ACC0045,MRC0001,2026-01-12 18:01:06,135.71,Utilities,0,normal
TX001508,ACC0050,MRC0029,2026-01-12 18:07:39,86.12,Fuel,0,normal
TX001509,ACC0044,MRC0011,2026-01-12 18:16:19,76.93,Grocery,0,normal
TX001510,ACC0045,ACC0040,2026-01-12 18:24:37,117.09,Utilities,0,normal
TX001511,ACC0059,MRC0031,2026-01-12 18:51:20,101.05,Restaurant,0,normal
TX001512,ACC0037,MRC0034,2026-01-12 18:57:54,59.84,Fuel,0,normal
TX001513,ACC0054,MRC0010,2026-01-12 19:29:01,137.29,Restaurant,0,normal
TX001514,ACC0004,MRC0035,2026-01-12 19:35:15,56.54,Utilities,0,normal
TX001515,ACC0044,MRC0011,2026-01-12 19:38:37,95.65,Restaurant,0,normal
TX001516,ACC0011,ACC0048,2026-01-12 19:57:21,70.39,Pharmacy,0,normal
TX001517,ACC0017,MRC0039,2026-01-12 20:22:31,123.26,Online Shop,0,normal
TX001518,ACC0008,MRC0029,2026-01-12 20:31:19,155.31,Fuel,0,normal
TX001519,ACC0011,ACC0048,2026-01-12 21:19:17,368.82,Grocery,0,normal
TX001520,ACC0025,MRC0016,2026-01-12 21:25:07,140.4,Pharmacy,0,normal
TX001521,ACC0035,MRC0037,2026-01-12 21:48:06,172.28,Grocery,0,normal
TX001522,ACC0042,MRC0030,2026-01-12 21:50:58,43.41,Utilities,0,normal
TX001523,ACC0057,MRC0017,2026-01-12 22:08:31,44.29,Pharmacy,0,normal
TX001524,ACC0024,MRC0028,2026-01-12 22:09:42,157.82,Online Shop,0,normal
TX001525,ACC0039,MRC0004,2026-01-12 22:09:53,173.55,Pharmacy,0,normal
TX001526,ACC0036,MRC0031,2026-01-12 22:12:23,61.38,Grocery,0,normal
TX001527,ACC0029,MRC0038,2026-01-12 22:28:58,118.34,Utilities,0,normal
TX001528,ACC0004,MRC0028,2026-01-13 07:07:25,43.09,Online Shop,0,normal
TX001529,ACC0013,MRC0015,2026-01-13 07:10:35,31.79,Pharmacy,0,normal
TX001530,ACC0053,MRC0004,2026-01-13 07:22:10,134.54,Fuel,0,normal
TX001531,ACC0033,MRC0038,2026-01-13 07:40:43,166.17,Pharmacy,0,normal
TX001532,ACC0023,MRC0027,2026-01-13 07:41:26,72.27,Restaurant,0,normal
TX001533,ACC0053,MRC0002,2026-01-13 07:57:34,129.56,Fuel,0,normal
TX001534,ACC0040,MRC0019,2026-01-13 08:06:11,42.15,Grocery,0,normal
TX001535,ACC0056,ACC0030,2026-01-13 08:26:01,75.6,Online Shop,0,normal
TX001536,ACC0048,MRC0015,2026-01-13 09:04:59,111.13,Online Shop,0,normal
TX001537,ACC0048,MRC0001,2026-01-13 09:10:19,96.72,Utilities,0,normal
TX001538,ACC0050,MRC0039,2026-01-13 09:13:29,43.52,Pharmacy,0,normal
TX001539,ACC0026,MRC0032,2026-01-13 09:16:58,86.4,Online Shop,0,normal
TX001540,ACC0014,MRC0000,2026-01-13 09:18:43,179.45,Pharmacy,0,normal
TX001541,ACC0046,MRC0037,2026-01-13 09:50:25,23.98,Transport,0,normal
TX001542,ACC0019,MRC0035,2026-01-13 09:57:59,219.44,Utilities,0,normal
TX001543,ACC0053,MRC0002,2026-01-13 10:02:21,141.83,Fuel,0,normal
TX001544,ACC0009,ACC0046,2026-01-13 10:17:55,17.94,Pharmacy,0,normal
TX001545,ACC0051,MRC0038,2026-01-13 10:19:53,84.26,Utilities,0,normal
TX001546,ACC0037,MRC0019,2026-01-13 10:23:59,95.1,Pharmacy,0,normal
TX001547,ACC0044,ACC0018,2026-01-13 10:24:16,88.81,Online Shop,0,normal
TX001548,ACC0048,MRC0015,2026-01-13 10:26:11,116.76,Pharmacy,0,normal
TX001549,ACC0014,MRC0004,2026-01-13 10:37:45,225.74,Grocery,0,normal
TX001550,ACC0010,MRC0016,2026-01-13 10:41:25,222.77,Transport,0,normal
TX001551,ACC0048,ACC0031,2026-01-13 10:54:39,145.02,Utilities,0,normal
TX001552,ACC0032,MRC0014,2026-01-13 10:55:44,150.88,Fuel,0,normal
TX001553,ACC0057,MRC0017,2026-01-13 11:04:59,34.75,Online Shop,0,normal
TX001554,ACC0005,MRC0036,2026-01-13 11:14:20,254.14,Transport,0,normal
TX001555,ACC0037,MRC0013,2026-01-13 11:16:30,64.89,Transport,0,normal
TX001556,ACC0043,MRC0036,2026-01-13 11:34:27,41.16,Grocery,0,normal
TX001557,ACC0042,MRC0022,2026-01-13 11:44:08,230.92,Utilities,0,normal
TX001558,ACC0020,MRC0013,2026-01-13 12:01:20,247.39,Restaurant,0,normal
TX001559,ACC0021,MRC0014,2026-01-13 12:02:02,88.39,Pharmacy,0,normal
TX001560,ACC0031,MRC0000,2026-01-13 12:02:18,83.44,Pharmacy,0,normal
TX001561,ACC0051,ACC0001,2026-01-13 12:02:41,89.73,Grocery,0,normal
TX001562,ACC0053,MRC0039,2026-01-13 12:04:57,84.5,Utilities,0,normal
TX001563,ACC0053,MRC0004,2026-01-13 12:11:53,119.9,Utilities,0,normal
TX001564,ACC0031,MRC0021,2026-01-13 12:16:53,121.37,Grocery,0,normal
TX001565,ACC0054,ACC0040,2026-01-13 12:17:09,189.1,Transport,0,normal
TX001566,ACC0037,MRC0033,2026-01-13 12:19:18,75.91,Fuel,0,normal
TX001567,ACC0053,MRC0039,2026-01-13 12:23:29,152.42,Utilities,0,normal
TX001568,ACC0037,MRC0034,2026-01-13 12:26:09,133.79,Fuel,0,normal
TX001569,ACC0036,MRC0018,2026-01-13 12:26:46,51.8,Grocery,0,normal
TX001570,ACC0027,MRC0039,2026-01-13 12:50:07,138.46,Restaurant,0,normal
TX001571,ACC0026,MRC0000,2026-01-13 12:58:15,102.76,Fuel,0,normal
TX001572,ACC0036,MRC0008,2026-01-13 13:12:32,32.6,Pharmacy,0,normal
TX001573,ACC0047,MRC0038,2026-01-13 13:19:38,66.8,Utilities,0,normal
TX001574,ACC0023,MRC0027,2026-01-13 13:22:30,73.61,Restaurant,0,normal
TX001575,ACC0037,MRC0033,2026-01-13 13:26:50,71.7,Grocery,0,normal
TX001576,ACC0054,MRC0010,2026-01-13 13:31:53,134.58,Utilities,0,normal
TX001577,ACC0039,MRC0006,2026-01-13 13:33:53,149.21,Transport,0,normal
TX001578,ACC0047,ACC0021,2026-01-13 13:35:44,102.83,Utilities,0,normal
TX001579,ACC0060,MRC0004,2026-01-13 13:37:35,155.54,Fuel,0,normal
TX001580,ACC0031,MRC0013,2026-01-13 13:39:49,87.3,Online Shop,0,normal
TX001581,ACC0017,MRC0032,2026-01-13 13:45:04,196.77,Online Shop,0,normal
TX001582,ACC0015,MRC0026,2026-01-13 13:50:20,67.97,Transport,0,normal
TX001583,ACC0056,MRC0010,2026-01-13 13:53:26,26.47,Online Shop,0,normal
TX001584,ACC0001,MRC0038,2026-01-13 14:10:29,286.06,Fuel,0,normal
TX001585,ACC0025,MRC0016,2026-01-13 14:27:17,158.1,Grocery,0,normal
TX001586,ACC0018,MRC0003,2026-01-13 14:27:45,140.61,Utilities,0,normal
TX001587,ACC0017,ACC0046,2026-01-13 14:40:06,112.87,Fuel,0,normal
TX001588,ACC0005,MRC0031,2026-01-13 14:46:46,106.12,Restaurant,0,normal
TX001589,ACC0020,MRC0017,2026-01-13 14:47:36,213.24,Pharmacy,0,normal
TX001590,ACC0057,MRC0023,2026-01-13 14:50:49,59.61,Restaurant,0,normal
TX001591,ACC0022,MRC0031,2026-01-13 14:54:44,73.79,Online Shop,0,normal
TX001592,ACC0053,MRC0022,2026-01-13 15:03:03,176.7,Grocery,0,normal
TX001593,ACC0003,MRC0029,2026-01-13 15:08:43,36.78,Transport,0,normal
TX001594,ACC0025,MRC0016,2026-01-13 15:09:16,186.72,Online Shop,0,normal
TX001595,ACC0038,MRC0003,2026-01-13 15:09:32,89.53,Transport,0,normal
TX001596,ACC0030,MRC0016,2026-01-13 15:13:17,133.98,Fuel,0,normal
TX001597,ACC0057,MRC0017,2026-01-13 15:15:02,23.02,Fuel,0,normal
TX001598,ACC0004,MRC0020,2026-01-13 15:21:02,142.22,Transport,0,normal
TX001599,ACC0027,MRC0014,2026-01-13 15:25:00,132.85,Online Shop,0,normal
TX001600,ACC0051,MRC0024,2026-01-13 15:37:03,91.84,Grocery,0,normal
TX001601,ACC0051,ACC0001,2026-01-13 15:37:32,86.96,Pharmacy,0,normal
TX001602,ACC0012,MRC0010,2026-01-13 15:37:57,170.28,Utilities,0,normal
TX001603,ACC0014,MRC0010,2026-01-13 15:47:54,157.81,Restaurant,0,normal
TX001604,ACC0014,MRC0000,2026-01-13 15:51:00,164.68,Online Shop,0,normal
TX001605,ACC0051,ACC0001,2026-01-13 15:51:08,82.92,Grocery,0,normal
TX001606,ACC0004,MRC0021,2026-01-13 15:58:34,51.83,Restaurant,0,normal
TX001607,ACC0014,MRC0027,2026-01-13 16:07:47,238.22,Restaurant,0,normal
TX001608,ACC0046,MRC0037,2026-01-13 16:16:27,28.64,Fuel,0,normal
TX001609,ACC0004,MRC0020,2026-01-13 16:22:40,32.82,Online Shop,0,normal
TX001610,ACC0040,MRC0019,2026-01-13 16:28:55,35.62,Pharmacy,0,normal
TX001611,ACC0022,MRC0023,2026-01-13 16:32:21,63.01,Transport,0,normal
TX001612,ACC0026,ACC0050,2026-01-13 16:35:30,143.05,Utilities,0,normal
TX001613,ACC0054,MRC0010,2026-01-13 16:36:25,115.48,Pharmacy,0,normal
TX001614,ACC0032,MRC0024,2026-01-13 16:40:57,246.22,Fuel,0,normal
TX001615,ACC0013,MRC0019,2026-01-13 16:43:36,64.52,Transport,0,normal
TX001616,ACC0026,MRC0032,2026-01-13 16:45:32,115.53,Grocery,0,normal
TX001617,ACC0031,MRC0013,2026-01-13 16:46:05,50.47,Pharmacy,0,normal
TX001618,ACC0019,MRC0035,2026-01-13 16:53:29,180.78,Transport,0,normal
TX001619,ACC0053,MRC0039,2026-01-13 16:54:59,131.25,Fuel,0,normal
TX001620,ACC0047,MRC0027,2026-01-13 16:55:10,36.94,Online Shop,0,normal
TX001621,ACC0027,MRC0039,2026-01-13 17:02:01,165.92,Utilities,0,normal
TX001622,ACC0022,MRC0028,2026-01-13 17:02:59,64.61,Utilities,0,normal
TX001623,ACC0045,MRC0010,2026-01-13 17:08:32,142.23,Transport,0,normal
TX001624,ACC0055,ACC0032,2026-01-13 17:09:03,51.01,Grocery,0,normal
TX001625,ACC0035,MRC0037,2026-01-13 17:12:23,66.92,Utilities,0,normal
TX001626,ACC0057,MRC0017,2026-01-13 17:27:40,53.89,Grocery,0,normal
TX001627,ACC0027,MRC0014,2026-01-13 17:31:46,98.65,Online Shop,0,normal
TX001628,ACC0060,MRC0038,2026-01-13 17:44:04,126.16,Online Shop,0,normal
TX001629,ACC0019,MRC0022,2026-01-13 17:45:11,169.12,Transport,0,normal
TX001630,ACC0008,MRC0025,2026-01-13 17:57:55,66.9,Utilities,0,normal
TX001631,ACC0059,MRC0019,2026-01-13 18:02:35,111.96,Transport,0,normal
TX001632,ACC0025,MRC0007,2026-01-13 18:02:44,127.62,Fuel,0,normal
TX001633,ACC0011,MRC0022,2026-01-13 18:15:09,172.62,Pharmacy,0,normal
TX001634,ACC0015,MRC0026,2026-01-13 18:24:30,65.76,Grocery,0,normal
TX001635,ACC0049,MRC0031,2026-01-13 18:25:42,101.93,Restaurant,0,normal
TX001636,ACC0044,MRC0011,2026-01-13 18:31:59,172.53,Pharmacy,0,normal
TX001637,ACC0024,MRC0018,2026-01-13 18:45:40,65.82,Fuel,0,normal
TX001638,ACC0034,MRC0010,2026-01-13 18:50:44,40.58,Online Shop,0,normal
TX001639,ACC0056,MRC0036,2026-01-13 19:18:06,50.05,Restaurant,0,normal
TX001640,ACC0034,MRC0018,2026-01-13 19:18:57,36.63,Pharmacy,0,normal
TX001641,ACC0011,MRC0001,2026-01-13 19:23:54,263.08,Restaurant,0,normal
TX001642,ACC0052,MRC0007,2026-01-13 19:44:40,82.52,Fuel,0,normal
TX001643,ACC0058,MRC0030,2026-01-13 20:14:09,34.84,Fuel,0,normal
TX001644,ACC0019,MRC0022,2026-01-13 20:17:54,455.32,Pharmacy,0,normal
TX001645,ACC0055,MRC0008,2026-01-13 20:20:23,100.88,Fuel,0,normal
TX001646,ACC0054,MRC0039,2026-01-13 20:22:25,209.1,Online Shop,0,normal
TX001647,ACC0012,MRC0010,2026-01-13 20:31:54,90.58,Utilities,0,normal
TX001648,ACC0049,MRC0010,2026-01-13 21:36:05,32.43,Utilities,0,normal
TX001649,ACC0022,MRC0031,2026-01-13 22:19:18,103.3,Transport,0,normal
TX001650,ACC0045,ACC0040,2026-01-13 22:21:24,84.22,Fuel,0,normal
TX001651,ACC0024,MRC0028,2026-01-13 22:46:55,55.57,Utilities,0,normal
TX001652,ACC0045,MRC0010,2026-01-14 07:01:56,90.39,Fuel,0,normal
TX001653,ACC0015,MRC0022,2026-01-14 07:13:13,128.26,Transport,0,normal
TX001654,ACC0054,MRC0033,2026-01-14 07:20:25,259.92,Grocery,0,normal
TX001655,ACC0016,MRC0029,2026-01-14 07:23:00,73.8,Restaurant,0,normal
TX001656,ACC0042,MRC0022,2026-01-14 07:35:02,97.63,Grocery,0,normal
TX001657,ACC0039,MRC0005,2026-01-14 07:39:54,140.81,Fuel,0,normal
TX001658,ACC0004,MRC0021,2026-01-14 07:46:12,30.06,Online Shop,0,normal
TX001659,ACC0024,MRC0034,2026-01-14 08:46:09,75.99,Pharmacy,0,normal
TX001660,ACC0022,ACC0038,2026-01-14 08:53:41,108.74,Online Shop,0,normal
TX001661,ACC0040,MRC0030,2026-01-14 09:05:55,24.07,Transport,0,normal
TX001662,ACC0032,MRC0024,2026-01-14 09:17:57,251.13,Online Shop,0,normal
TX001663,ACC0010,MRC0009,2026-01-14 09:18:07,279.87,Grocery,0,normal
TX001664,ACC0057,MRC0011,2026-01-14 09:21:36,45.94,Transport,0,normal
TX001665,ACC0030,MRC0038,2026-01-14 09:29:36,111.78,Restaurant,0,normal
TX001666,ACC0035,MRC0014,2026-01-14 09:35:26,66.32,Transport,0,normal
TX001667,ACC0004,MRC0028,2026-01-14 09:37:11,94.6,Pharmacy,0,normal
TX001668,ACC0053,MRC0002,2026-01-14 09:43:53,100.22,Fuel,0,normal
TX001669,ACC0019,MRC0005,2026-01-14 09:54:12,176.69,Fuel,0,normal
TX001670,ACC0041,MRC0026,2026-01-14 09:57:42,201.29,Fuel,0,normal
TX001671,ACC0002,MRC0005,2026-01-14 10:00:18,27.49,Online Shop,0,normal
TX001672,ACC0006,ACC0041,2026-01-14 10:05:51,276.41,Online Shop,0,normal
TX001673,ACC0015,MRC0033,2026-01-14 10:08:17,141.4,Restaurant,0,normal
TX001674,ACC0009,MRC0003,2026-01-14 10:18:38,37.24,Fuel,0,normal
TX001675,ACC0054,MRC0023,2026-01-14 10:28:54,142.9,Grocery,0,normal
TX001676,ACC0014,MRC0004,2026-01-14 10:33:48,176.5,Grocery,0,normal
TX001677,ACC0002,MRC0035,2026-01-14 10:57:39,53.44,Transport,0,normal
TX001678,ACC0058,MRC0029,2026-01-14 11:05:23,53.26,Online Shop,0,normal
TX001679,ACC0024,ACC0001,2026-01-14 11:08:20,202.67,Fuel,0,normal
TX001680,ACC0026,MRC0000,2026-01-14 11:15:44,69.85,Restaurant,0,normal
TX001681,ACC0005,MRC0004,2026-01-14 11:20:45,269.14,Transport,0,normal
TX001682,ACC0038,MRC0022,2026-01-14 11:43:26,63.03,Grocery,0,normal
TX001683,ACC0030,ACC0050,2026-01-14 11:43:36,345.46,Utilities,0,normal
TX001684,ACC0040,MRC0019,2026-01-14 11:49:33,43.78,Transport,0,normal
TX001685,ACC0014,MRC0004,2026-01-14 12:01:46,195.47,Utilities,0,normal
TX001686,ACC0043,MRC0036,2026-01-14 12:07:32,44.71,Grocery,0,normal
TX001687,ACC0006,MRC0004,2026-01-14 12:08:41,109.82,Restaurant,0,normal
TX001688,ACC0055,MRC0001,2026-01-14 12:15:48,36.71,Transport,0,normal
TX001689,ACC0028,ACC0060,2026-01-14 12:24:32,230.36,Transport,0,normal
TX001690,ACC0050,MRC0011,2026-01-14 12:27:30,94.01,Restaurant,0,normal
TX001691,ACC0033,MRC0038,2026-01-14 12:35:52,157.95,Transport,0,normal
TX001692,ACC0049,ACC0054,2026-01-14 12:37:38,29.47,Online Shop,0,normal
TX001693,ACC0014,MRC0027,2026-01-14 12:37:38,163.16,Online Shop,0,normal
TX001694,ACC0032,MRC0014,2026-01-14 12:45:19,165.66,Fuel,0,normal
TX001695,ACC0013,MRC0012,2026-01-14 12:51:58,50.36,Fuel,0,normal
TX001696,ACC0054,MRC0039,2026-01-14 13:19:55,178.86,Utilities,0,normal
TX001697,ACC0024,MRC0018,2026-01-14 13:23:34,107.65,Restaurant,0,normal
TX001698,ACC0041,MRC0023,2026-01-14 13:23:50,84.7,Utilities,0,normal
TX001699,ACC0007,MRC0037,2026-01-14 13:36:04,24.09,Transport,0,normal
TX001700,ACC0049,MRC0031,2026-01-14 13:38:06,214.13,Fuel,0,normal
TX001701,ACC0060,MRC0034,2026-01-14 13:41:27,253.9,Grocery,0,normal
TX001702,ACC0041,MRC0023,2026-01-14 13:53:21,140.22,Transport,0,normal
TX001703,ACC0058,MRC0029,2026-01-14 13:53:31,50.96,Grocery,0,normal
TX001704,ACC0036,MRC0008,2026-01-14 14:08:22,40.02,Online Shop,0,normal
TX001705,ACC0038,ACC0042,2026-01-14 14:19:56,56.39,Fuel,0,normal
TX001706,ACC0003,MRC0035,2026-01-14 14:21:07,51.13,Utilities,0,normal
TX001707,ACC0028,MRC0033,2026-01-14 14:22:39,90.47,Fuel,0,normal
TX001708,ACC0023,MRC0004,2026-01-14 14:46:27,140.58,Transport,0,normal
TX001709,ACC0058,MRC0025,2026-01-14 14:56:28,50.22,Fuel,0,normal
TX001710,ACC0055,MRC0037,2026-01-14 15:06:29,28.43,Grocery,0,normal
TX001711,ACC0001,MRC0034,2026-01-14 15:07:04,237.93,Utilities,0,normal
TX001712,ACC0006,MRC0004,2026-01-14 15:14:19,125.7,Online Shop,0,normal
TX001713,ACC0006,MRC0012,2026-01-14 15:14:36,154.26,Online Shop,0,normal
TX001714,ACC0020,MRC0017,2026-01-14 15:21:47,270.68,Restaurant,0,normal
TX001715,ACC0059,ACC0019,2026-01-14 15:34:10,117.49,Grocery,0,normal
TX001716,ACC0036,MRC0018,2026-01-14 15:36:58,18.85,Fuel,0,normal
TX001717,ACC0017,MRC0032,2026-01-14 15:40:51,294.9,Online Shop,0,normal
TX001718,ACC0037,ACC0029,2026-01-14 16:00:14,43.78,Restaurant,0,normal
TX001719,ACC0035,MRC0034,2026-01-14 16:02:19,134.63,Pharmacy,0,normal
TX001720,ACC0006,MRC0005,2026-01-14 16:12:31,78.03,Utilities,0,normal
TX001721,ACC0054,ACC0040,2026-01-14 16:15:40,133.7,Transport,0,normal
TX001722,ACC0033,MRC0014,2026-01-14 16:19:14,240.11,Utilities,0,normal
TX001723,ACC0032,MRC0016,2026-01-14 16:27:24,283.61,Grocery,0,normal
TX001724,ACC0010,MRC0009,2026-01-14 16:31:02,171.07,Restaurant,0,normal
TX001725,ACC0056,MRC0013,2026-01-14 17:00:53,23.55,Grocery,0,normal
TX001726,ACC0024,MRC0018,2026-01-14 17:02:26,66.61,Fuel,0,normal
TX001727,ACC0029,MRC0030,2026-01-14 17:04:38,116.34,Fuel,0,normal
TX001728,ACC0040,MRC0030,2026-01-14 17:04:59,48.51,Fuel,0,normal
TX001729,ACC0048,ACC0031,2026-01-14 17:09:19,123.97,Online Shop,0,normal
TX001730,ACC0017,MRC0032,2026-01-14 17:11:21,133.48,Fuel,0,normal
TX001731,ACC0014,MRC0027,2026-01-14 17:14:26,319.59,Online Shop,0,normal
TX001732,ACC0010,MRC0004,2026-01-14 17:17:11,135.03,Online Shop,0,normal
TX001733,ACC0012,MRC0010,2026-01-14 17:26:04,120.69,Grocery,0,normal
TX001734,ACC0005,MRC0036,2026-01-14 17:34:38,129.31,Fuel,0,normal
TX001735,ACC0058,MRC0025,2026-01-14 17:35:09,38.91,Utilities,0,normal
TX001736,ACC0009,MRC0024,2026-01-14 17:41:11,32.22,Grocery,0,normal
TX001737,ACC0040,MRC0009,2026-01-14 17:42:01,53.35,Utilities,0,normal
TX001738,ACC0005,MRC0031,2026-01-14 17:46:43,130.9,Transport,0,normal
TX001739,ACC0054,MRC0033,2026-01-14 18:02:50,114.07,Restaurant,0,normal
TX001740,ACC0044,ACC0018,2026-01-14 18:07:59,134.89,Pharmacy,0,normal
TX001741,ACC0034,MRC0037,2026-01-14 18:09:26,20.56,Online Shop,0,normal
TX001742,ACC0052,MRC0024,2026-01-14 18:12:37,42.65,Pharmacy,0,normal
TX001743,ACC0017,ACC0038,2026-01-14 18:17:28,119.38,Pharmacy,0,normal
TX001744,ACC0041,MRC0012,2026-01-14 18:18:09,142.77,Restaurant,0,normal
TX001745,ACC0032,MRC0014,2026-01-14 18:26:31,158.32,Restaurant,0,normal
TX001746,ACC0004,MRC0035,2026-01-14 18:34:09,30.21,Restaurant,0,normal
TX001747,ACC0044,MRC0011,2026-01-14 18:39:13,89.39,Restaurant,0,normal
TX001748,ACC0005,MRC0023,2026-01-14 18:42:00,237.02,Utilities,0,normal
TX001749,ACC0002,MRC0037,2026-01-14 19:08:32,74.13,Fuel,0,normal
TX001750,ACC0059,MRC0011,2026-01-14 19:26:41,149.4,Grocery,0,normal
TX001751,ACC0039,ACC0008,2026-01-14 19:37:40,96.33,Restaurant,0,normal
TX001752,ACC0029,MRC0009,2026-01-14 20:30:47,175.2,Fuel,0,normal
TX001753,ACC0060,MRC0038,2026-01-14 21:04:34,219.99,Online Shop,0,normal
TX001754,ACC0054,MRC0010,2026-01-14 21:22:58,123.99,Pharmacy,0,normal
TX001755,ACC0021,MRC0014,2026-01-14 21:26:18,84.25,Pharmacy,0,normal
TX001756,ACC0045,MRC0001,2026-01-14 22:27:21,126.56,Online Shop,0,normal
TX001757,ACC0060,MRC0035,2026-01-14 22:37:51,131.87,Online Shop,0,normal
TX001758,ACC0030,MRC0024,2026-01-15 04:20:00,203.45,Online Shop,1,odd_hour
TX001759,ACC0011,MRC0027,2026-01-15 07:01:25,102.79,Grocery,0,normal
TX001760,ACC0010,MRC0016,2026-01-15 07:07:01,185.2,Restaurant,0,normal
TX001761,ACC0010,MRC0016,2026-01-15 07:18:48,239.86,Utilities,0,normal
TX001762,ACC0037,MRC0034,2026-01-15 07:20:10,90.5,Grocery,0,normal
TX001763,ACC0052,ACC0037,2026-01-15 07:22:34,31.99,Grocery,0,normal
TX001764,ACC0058,MRC0030,2026-01-15 07:23:54,52.91,Transport,0,normal
TX001765,ACC0009,MRC0008,2026-01-15 07:32:24,25.55,Pharmacy,0,normal
TX001766,ACC0004,MRC0028,2026-01-15 07:57:22,57.06,Pharmacy,0,normal
TX001767,ACC0036,MRC0018,2026-01-15 07:58:30,35.21,Pharmacy,0,normal
TX001768,ACC0005,MRC0004,2026-01-15 08:10:11,205.23,Restaurant,0,normal
TX001769,ACC0019,MRC0022,2026-01-15 08:21:31,264.04,Online Shop,0,normal
TX001770,ACC0055,MRC0008,2026-01-15 08:25:23,53.22,Fuel,0,normal
TX001771,ACC0009,MRC0004,2026-01-15 09:21:30,71.16,Online Shop,0,normal
TX001772,ACC0053,MRC0022,2026-01-15 09:23:38,130.83,Online Shop,0,normal
TX001773,ACC0012,MRC0005,2026-01-15 09:32:17,123.41,Pharmacy,0,normal
TX001774,ACC0026,MRC0032,2026-01-15 09:34:43,181.59,Fuel,0,normal
TX001775,ACC0004,MRC0021,2026-01-15 09:35:18,36.97,Restaurant,0,normal
TX001776,ACC0053,MRC0022,2026-01-15 09:50:45,150.19,Restaurant,0,normal
TX001777,ACC0053,MRC0002,2026-01-15 09:55:24,106.55,Transport,0,normal
TX001778,ACC0047,MRC0031,2026-01-15 10:01:42,45.92,Transport,0,normal
TX001779,ACC0052,MRC0007,2026-01-15 10:37:43,93.5,Online Shop,0,normal
TX001780,ACC0056,MRC0010,2026-01-15 10:42:37,14.2,Fuel,0,normal
TX001781,ACC0027,MRC0026,2026-01-15 10:44:27,140.5,Fuel,0,normal
TX001782,ACC0042,MRC0030,2026-01-15 10:56:02,124.5,Restaurant,0,normal
TX001783,ACC0032,MRC0024,2026-01-15 11:04:15,169.9,Restaurant,0,normal
TX001784,ACC0058,MRC0025,2026-01-15 11:07:59,54.22,Fuel,0,normal
TX001785,ACC0019,MRC0008,2026-01-15 11:11:50,265.89,Transport,0,normal
TX001786,ACC0036,MRC0037,2026-01-15 11:19:12,25.32,Restaurant,0,normal
TX001787,ACC0054,MRC0039,2026-01-15 11:26:13,90.08,Transport,0,normal
TX001788,ACC0046,MRC0015,2026-01-15 11:56:56,23.17,Transport,0,normal
TX001789,ACC0054,MRC0010,2026-01-15 11:57:18,123.92,Pharmacy,0,normal
TX001790,ACC0033,MRC0004,2026-01-15 11:59:43,184.47,Online Shop,0,normal
TX001791,ACC0014,MRC0004,2026-01-15 12:04:46,546.27,Transport,0,normal
TX001792,ACC0040,MRC0027,2026-01-15 12:09:41,15.32,Transport,0,normal
TX001793,ACC0036,MRC0008,2026-01-15 12:10:16,30.06,Pharmacy,0,normal
TX001794,ACC0006,MRC0005,2026-01-15 12:16:09,136.57,Grocery,0,normal
TX001795,ACC0038,ACC0048,2026-01-15 12:17:12,92.7,Restaurant,0,normal
TX001796,ACC0060,ACC0004,2026-01-15 12:20:50,265.84,Restaurant,0,normal
TX001797,ACC0053,MRC0002,2026-01-15 12:31:19,102.88,Grocery,0,normal
TX001798,ACC0058,ACC0057,2026-01-15 12:56:40,38.37,Transport,0,normal
TX001799,ACC0057,MRC0017,2026-01-15 12:57:56,39.79,Online Shop,0,normal
TX001800,ACC0024,MRC0013,2026-01-15 13:01:57,74.06,Utilities,0,normal
TX001801,ACC0012,MRC0010,2026-01-15 13:03:01,112.74,Utilities,0,normal
TX001802,ACC0009,MRC0003,2026-01-15 13:05:01,32.28,Fuel,0,normal
TX001803,ACC0002,ACC0024,2026-01-15 13:06:21,54.96,Fuel,0,normal
TX001804,ACC0049,MRC0010,2026-01-15 13:07:45,114.56,Transport,0,normal
TX001805,ACC0046,MRC0013,2026-01-15 13:10:26,44.38,Fuel,0,normal
TX001806,ACC0050,MRC0011,2026-01-15 13:14:40,50.9,Utilities,0,normal
TX001807,ACC0004,MRC0028,2026-01-15 13:16:08,48.86,Grocery,0,normal
TX001808,ACC0037,MRC0013,2026-01-15 13:20:40,49.47,Online Shop,0,normal
TX001809,ACC0023,MRC0004,2026-01-15 13:22:38,131.24,Online Shop,0,normal
TX001810,ACC0037,MRC0019,2026-01-15 13:32:57,64.76,Utilities,0,normal
TX001811,ACC0047,ACC0053,2026-01-15 13:33:16,49.41,Pharmacy,0,normal
TX001812,ACC0037,ACC0033,2026-01-15 13:58:14,76.4,Pharmacy,0,normal
TX001813,ACC0030,MRC0038,2026-01-15 14:36:54,142.36,Grocery,0,normal
TX001814,ACC0039,MRC0004,2026-01-15 14:40:35,156.75,Online Shop,0,normal
TX001815,ACC0017,MRC0039,2026-01-15 14:41:35,372.22,Utilities,0,normal
TX001816,ACC0044,ACC0045,2026-01-15 14:48:50,101.6,Utilities,0,normal
TX001817,ACC0051,MRC0032,2026-01-15 14:49:00,767.94,Online Shop,1,amount_spike
TX001818,ACC0016,MRC0009,2026-01-15 14:57:35,96.48,Transport,0,normal
TX001819,ACC0051,MRC0028,2026-01-15 14:59:19,109.68,Fuel,0,normal
TX001820,ACC0010,MRC0036,2026-01-15 15:02:06,193.07,Grocery,0,normal
TX001821,ACC0010,MRC0009,2026-01-15 15:16:48,238.06,Restaurant,0,normal
TX001822,ACC0021,MRC0014,2026-01-15 15:18:57,139.24,Transport,0,normal
TX001823,ACC0057,ACC0005,2026-01-15 15:19:08,20.04,Online Shop,0,normal
TX001824,ACC0053,MRC0039,2026-01-15 15:32:11,110.09,Grocery,0,normal
TX001825,ACC0026,MRC0000,2026-01-15 15:39:00,202.14,Grocery,0,normal
TX001826,ACC0003,MRC0029,2026-01-15 15:49:55,45.77,Grocery,0,normal
TX001827,ACC0040,MRC0019,2026-01-15 16:08:29,21.99,Fuel,0,normal
TX001828,ACC0020,MRC0009,2026-01-15 16:17:35,85.33,Online Shop,0,normal
TX001829,ACC0029,MRC0038,2026-01-15 16:25:19,230.52,Fuel,0,normal
TX001830,ACC0014,MRC0000,2026-01-15 16:39:58,144.33,Transport,0,normal
TX001831,ACC0057,MRC0017,2026-01-15 16:42:03,24.36,Transport,0,normal
TX001832,ACC0032,MRC0014,2026-01-15 17:07:46,203.65,Online Shop,0,normal
TX001833,ACC0031,MRC0021,2026-01-15 17:15:41,58.09,Transport,0,normal
TX001834,ACC0003,MRC0016,2026-01-15 17:20:22,30.26,Grocery,0,normal
TX001835,ACC0008,MRC0015,2026-01-15 17:22:51,100.52,Transport,0,normal
TX001836,ACC0059,MRC0035,2026-01-15 17:31:05,122.03,Pharmacy,0,normal
TX001837,ACC0025,ACC0014,2026-01-15 17:34:07,66.55,Grocery,0,normal
TX001838,ACC0046,MRC0015,2026-01-15 17:50:50,47.87,Grocery,0,normal
TX001839,ACC0046,MRC0005,2026-01-15 18:22:15,38.85,Pharmacy,0,normal
TX001840,ACC0039,ACC0008,2026-01-15 18:24:28,129.27,Pharmacy,0,normal
TX001841,ACC0039,MRC0004,2026-01-15 18:26:21,95.06,Transport,0,normal
TX001842,ACC0006,MRC0004,2026-01-15 18:30:27,63.95,Fuel,0,normal
TX001843,ACC0027,ACC0048,2026-01-15 18:34:46,105.66,Restaurant,0,normal
TX001844,ACC0059,MRC0035,2026-01-15 18:57:54,261.75,Fuel,0,normal
TX001845,ACC0036,MRC0037,2026-01-15 19:04:48,23.78,Fuel,0,normal
TX001846,ACC0042,MRC0030,2026-01-15 19:26:39,94.52,Restaurant,0,normal
TX001847,ACC0048,MRC0012,2026-01-15 19:38:57,80.6,Online Shop,0,normal
TX001848,ACC0058,MRC0025,2026-01-15 19:49:30,40.16,Pharmacy,0,normal
TX001849,ACC0017,MRC0029,2026-01-15 19:57:57,177.89,Fuel,0,normal
TX001850,ACC0007,ACC0006,2026-01-15 20:05:26,20.76,Grocery,0,normal
TX001851,ACC0015,MRC0005,2026-01-15 20:33:32,62.19,Pharmacy,0,normal
TX001852,ACC0028,MRC0033,2026-01-15 20:41:30,187.3,Fuel,0,normal
TX001853,ACC0045,MRC0026,2026-01-15 21:39:54,119.7,Fuel,0,normal
TX001854,ACC0056,MRC0036,2026-01-15 22:13:23,20.97,Restaurant,0,normal
TX001855,ACC0029,MRC0009,2026-01-16 07:10:14,186.33,Pharmacy,0,normal
TX001856,ACC0014,MRC0000,2026-01-16 07:16:12,207.55,Fuel,0,normal
TX001857,ACC0039,MRC0005,2026-01-16 07:18:41,84.6,Restaurant,0,normal
TX001858,ACC0038,ACC0042,2026-01-16 07:34:53,88.8,Grocery,0,normal
TX001859,ACC0021,MRC0034,2026-01-16 07:44:05,77.92,Grocery,0,normal
TX001860,ACC0056,MRC0036,2026-01-16 07:46:48,51.34,Transport,0,normal
TX001861,ACC0054,MRC0010,2026-01-16 08:07:05,127.02,Grocery,0,normal
TX001862,ACC0032,MRC0016,2026-01-16 08:10:02,172.17,Grocery,0,normal
TX001863,ACC0049,MRC0031,2026-01-16 08:32:26,105.84,Transport,0,normal
TX001864,ACC0048,MRC0001,2026-01-16 09:04:57,91.35,Fuel,0,normal
TX001865,ACC0021,MRC0008,2026-01-16 09:09:50,136.89,Restaurant,0,normal
TX001866,ACC0037,MRC0033,2026-01-16 09:13:39,101.38,Fuel,0,normal
TX001867,ACC0026,MRC0003,2026-01-16 09:16:04,123.95,Transport,0,normal
TX001868,ACC0020,ACC0027,2026-01-16 09:17:31,199.04,Pharmacy,0,normal
TX001869,ACC0028,ACC0060,2026-01-16 09:24:26,57.76,Fuel,0,normal
TX001870,ACC0049,MRC0002,2026-01-16 09:27:00,109.45,Pharmacy,0,normal
TX001871,ACC0025,MRC0016,2026-01-16 09:30:54,173.34,Restaurant,0,normal
TX001872,ACC0050,MRC0039,2026-01-16 09:33:40,67.23,Utilities,0,normal
TX001873,ACC0055,MRC0037,2026-01-16 09:38:31,42.81,Grocery,0,normal
TX001874,ACC0001,MRC0034,2026-01-16 10:07:30,163.58,Restaurant,0,normal
TX001875,ACC0015,MRC0033,2026-01-16 10:07:36,34.7,Restaurant,0,normal
TX001876,ACC0006,MRC0010,2026-01-16 10:08:01,89.92,Restaurant,0,normal
TX001877,ACC0054,MRC0010,2026-01-16 10:27:15,62.35,Transport,0,normal
TX001878,ACC0057,MRC0023,2026-01-16 10:30:52,78.86,Utilities,0,normal
TX001879,ACC0041,MRC0012,2026-01-16 10:40:59,151.3,Utilities,0,normal
TX001880,ACC0048,MRC0027,2026-01-16 10:43:35,143.6,Restaurant,0,normal
TX001881,ACC0048,ACC0045,2026-01-16 11:00:25,188.91,Transport,0,normal
TX001882,ACC0045,ACC0040,2026-01-16 11:13:33,97.44,Fuel,0,normal
TX001883,ACC0038,MRC0008,2026-01-16 11:25:30,137.57,Fuel,0,normal
TX001884,ACC0007,MRC0013,2026-01-16 11:32:25,20.14,Utilities,0,normal
TX001885,ACC0028,MRC0030,2026-01-16 11:37:40,120.34,Grocery,0,normal
TX001886,ACC0034,MRC0018,2026-01-16 11:59:28,52.47,Transport,0,normal
TX001887,ACC0038,MRC0022,2026-01-16 12:06:32,122.39,Fuel,0,normal
TX001888,ACC0016,MRC0009,2026-01-16 12:08:15,51.53,Pharmacy,0,normal
TX001889,ACC0052,MRC0024,2026-01-16 12:16:55,69.52,Grocery,0,normal
TX001890,ACC0030,ACC0050,2026-01-16 12:21:59,324.98,Online Shop,0,normal
TX001891,ACC0017,MRC0032,2026-01-16 12:23:40,203.54,Restaurant,0,normal
TX001892,ACC0018,MRC0036,2026-01-16 12:27:31,209.08,Grocery,0,normal
TX001893,ACC0038,MRC0035,2026-01-16 12:33:19,106.69,Restaurant,0,normal
TX001894,ACC0015,ACC0007,2026-01-16 12:33:23,111.98,Pharmacy,0,normal
TX001895,ACC0010,MRC0004,2026-01-16 12:36:00,276.53,Utilities,0,normal
TX001896,ACC0006,MRC0004,2026-01-16 12:43:51,160.66,Fuel,0,normal
TX001897,ACC0031,MRC0030,2026-01-16 12:49:59,29.99,Online Shop,0,normal
TX001898,ACC0020,MRC0009,2026-01-16 12:53:19,219.17,Grocery,0,normal
TX001899,ACC0017,MRC0032,2026-01-16 13:02:12,196.95,Fuel,0,normal
TX001900,ACC0003,MRC0037,2026-01-16 13:02:47,20.58,Restaurant,0,normal
TX001901,ACC0029,MRC0030,2026-01-16 13:05:09,147.36,Grocery,0,normal
TX001902,ACC0002,MRC0003,2026-01-16 13:06:59,35.61,Grocery,0,normal
TX001903,ACC0058,MRC0029,2026-01-16 13:08:00,46.85,Restaurant,0,normal
TX001904,ACC0020,MRC0020,2026-01-16 13:09:00,1654.38,Online Shop,1,amount_spike
TX001905,ACC0050,ACC0051,2026-01-16 13:12:16,111.87,Fuel,0,normal
TX001906,ACC0014,MRC0027,2026-01-16 13:17:16,121.84,Pharmacy,0,normal
TX001907,ACC0016,MRC0013,2026-01-16 13:20:21,116.37,Transport,0,normal
TX001908,ACC0055,MRC0001,2026-01-16 13:24:10,47.99,Restaurant,0,normal
TX001909,ACC0006,MRC0004,2026-01-16 13:28:32,82.65,Grocery,0,normal
TX001910,ACC0014,MRC0010,2026-01-16 13:28:55,213.33,Utilities,0,normal
TX001911,ACC0059,MRC0035,2026-01-16 13:35:58,66.04,Utilities,0,normal
TX001912,ACC0033,MRC0034,2026-01-16 13:45:48,176.09,Pharmacy,0,normal
TX001913,ACC0055,MRC0008,2026-01-16 13:53:05,64.28,Grocery,0,normal
TX001914,ACC0035,ACC0001,2026-01-16 13:53:47,63.42,Grocery,0,normal
TX001915,ACC0027,MRC0026,2026-01-16 14:02:15,200.42,Online Shop,0,normal
TX001916,ACC0009,ACC0042,2026-01-16 14:07:09,52.16,Utilities,0,normal
TX001917,ACC0052,MRC0020,2026-01-16 14:14:00,24.49,Fuel,0,normal
TX001918,ACC0012,MRC0014,2026-01-16 14:20:01,66.0,Online Shop,0,normal
TX001919,ACC0027,MRC0033,2026-01-16 14:20:49,161.96,Grocery,0,normal
TX001920,ACC0058,MRC0029,2026-01-16 14:23:16,57.21,Grocery,0,normal
TX001921,ACC0030,MRC0038,2026-01-16 14:25:20,258.91,Online Shop,0,normal
TX001922,ACC0006,MRC0010,2026-01-16 14:29:50,138.52,Fuel,0,normal
TX001923,ACC0001,MRC0034,2026-01-16 14:40:49,159.32,Online Shop,0,normal
TX001924,ACC0041,MRC0026,2026-01-16 14:43:15,274.79,Pharmacy,0,normal
TX001925,ACC0005,MRC0036,2026-01-16 14:43:45,269.68,Fuel,0,normal
TX001926,ACC0043,MRC0037,2026-01-16 14:57:20,57.37,Fuel,0,normal
TX001927,ACC0037,MRC0033,2026-01-16 15:00:38,158.06,Online Shop,0,normal
TX001928,ACC0053,MRC0039,2026-01-16 15:10:12,155.62,Utilities,0,normal
TX001929,ACC0016,MRC0013,2026-01-16 15:11:19,92.74,Online Shop,0,normal
TX001930,ACC0028,MRC0010,2026-01-16 15:12:59,122.65,Grocery,0,normal
TX001931,ACC0019,ACC0046,2026-01-16 15:24:46,108.18,Grocery,0,normal
TX001932,ACC0045,MRC0001,2026-01-16 15:27:26,145.23,Restaurant,0,normal
TX001933,ACC0008,MRC0024,2026-01-16 15:30:15,85.88,Fuel,0,normal
TX001934,ACC0003,MRC0016,2026-01-16 15:31:50,6.15,Restaurant,0,normal
TX001935,ACC0051,MRC0028,2026-01-16 15:36:45,39.83,Online Shop,0,normal
TX001936,ACC0055,ACC0033,2026-01-16 15:40:13,50.39,Online Shop,0,normal
TX001937,ACC0015,MRC0026,2026-01-16 15:58:55,46.2,Restaurant,0,normal
TX001938,ACC0047,MRC0027,2026-01-16 16:00:48,83.35,Fuel,0,normal
TX001939,ACC0032,MRC0023,2026-01-16 16:01:21,185.87,Restaurant,0,normal
TX001940,ACC0028,MRC0030,2026-01-16 16:05:14,120.14,Grocery,0,normal
TX001941,ACC0031,MRC0000,2026-01-16 16:08:08,83.63,Fuel,0,normal
TX001942,ACC0049,MRC0031,2026-01-16 16:14:56,181.27,Pharmacy,0,normal
TX001943,ACC0024,MRC0013,2026-01-16 16:22:45,106.31,Pharmacy,0,normal
TX001944,ACC0019,MRC0022,2026-01-16 16:29:54,161.91,Restaurant,0,normal
TX001945,ACC0036,MRC0037,2026-01-16 16:31:05,36.55,Online Shop,0,normal
TX001946,ACC0024,MRC0013,2026-01-16 16:32:05,121.29,Transport,0,normal
TX001947,ACC0056,MRC0024,2026-01-16 16:34:15,20.64,Pharmacy,0,normal
TX001948,ACC0011,ACC0038,2026-01-16 16:35:28,205.77,Grocery,0,normal
TX001949,ACC0031,MRC0013,2026-01-16 16:42:11,87.09,Utilities,0,normal
TX001950,ACC0029,MRC0030,2026-01-16 16:48:53,71.31,Pharmacy,0,normal
TX001951,ACC0022,MRC0023,2026-01-16 17:07:25,77.42,Utilities,0,normal
TX001952,ACC0007,MRC0016,2026-01-16 17:13:49,24.19,Fuel,0,normal
TX001953,ACC0052,MRC0024,2026-01-16 17:16:07,78.7,Restaurant,0,normal
TX001954,ACC0026,MRC0032,2026-01-16 17:19:38,63.76,Pharmacy,0,normal
TX001955,ACC0004,MRC0035,2026-01-16 17:26:02,44.83,Restaurant,0,normal
TX001956,ACC0034,MRC0023,2026-01-16 17:28:20,76.12,Online Shop,0,normal
TX001957,ACC0057,ACC0055,2026-01-16 17:48:23,74.76,Utilities,0,normal
TX001958,ACC0056,MRC0010,2026-01-16 17:51:26,13.19,Grocery,0,normal
TX001959,ACC0017,MRC0029,2026-01-16 18:21:02,87.52,Utilities,0,normal
TX001960,ACC0038,MRC0003,2026-01-16 18:39:26,196.64,Utilities,0,normal
TX001961,ACC0003,MRC0016,2026-01-16 18:43:16,23.28,Transport,0,normal
TX001962,ACC0018,MRC0003,2026-01-16 18:44:27,171.91,Pharmacy,0,normal
TX001963,ACC0005,MRC0036,2026-01-16 18:51:23,315.82,Transport,0,normal
TX001964,ACC0057,MRC0011,2026-01-16 18:56:40,24.0,Transport,0,normal
TX001965,ACC0045,MRC0026,2026-01-16 19:08:38,110.92,Online Shop,0,normal
TX001966,ACC0003,MRC0035,2026-01-16 19:19:14,27.74,Transport,0,normal
TX001967,ACC0030,MRC0016,2026-01-16 19:29:06,76.78,Transport,0,normal
TX001968,ACC0002,MRC0003,2026-01-16 19:33:53,45.18,Utilities,0,normal
TX001969,ACC0021,MRC0014,2026-01-16 19:58:55,75.91,Fuel,0,normal
TX001970,ACC0051,MRC0038,2026-01-16 20:16:38,97.78,Online Shop,0,normal
TX001971,ACC0012,MRC0005,2026-01-16 20:32:09,158.79,Fuel,0,normal
TX001972,ACC0020,MRC0017,2026-01-16 20:40:19,90.65,Restaurant,0,normal
TX001973,ACC0027,ACC0048,2026-01-16 21:03:03,262.57,Utilities,0,normal
TX001974,ACC0056,MRC0036,2026-01-16 21:41:32,18.59,Restaurant,0,normal
TX001975,ACC0036,MRC0008,2026-01-16 22:03:17,53.27,Transport,0,normal
TX001976,ACC0054,MRC0010,2026-01-16 22:45:30,112.22,Restaurant,0,normal
TX001977,ACC0005,MRC0036,2026-01-16 22:48:39,328.05,Grocery,0,normal
TX001978,ACC0050,MRC0039,2026-01-17 07:00:01,76.44,Fuel,0,normal
TX001979,ACC0008,MRC0015,2026-01-17 07:03:17,177.91,Grocery,0,normal
TX001980,ACC0041,MRC0023,2026-01-17 07:04:41,142.27,Utilities,0,normal
TX001981,ACC0050,MRC0029,2026-01-17 07:05:39,116.29,Fuel,0,normal
TX001982,ACC0036,MRC0008,2026-01-17 07:10:02,23.56,Online Shop,0,normal
TX001983,ACC0046,MRC0005,2026-01-17 07:17:27,46.12,Online Shop,0,normal
TX001984,ACC0058,MRC0029,2026-01-17 07:19:27,9.69,Utilities,0,normal
TX001985,ACC0015,MRC0033,2026-01-17 07:30:03,65.95,Fuel,0,normal
TX001986,ACC0005,MRC0004,2026-01-17 08:06:48,227.24,Restaurant,0,normal
TX001987,ACC0039,MRC0024,2026-01-17 08:21:54,117.23,Utilities,0,normal
TX001988,ACC0013,MRC0015,2026-01-17 08:27:55,64.36,Utilities,0,normal
TX001989,ACC0039,MRC0005,2026-01-17 08:30:39,98.72,Restaurant,0,normal
TX001990,ACC0049,MRC0002,2026-01-17 08:37:53,80.9,Online Shop,0,normal
TX001991,ACC0022,MRC0022,2026-01-17 08:44:28,76.12,Grocery,0,normal
TX001992,ACC0049,ACC0046,2026-01-17 08:57:44,49.35,Transport,0,normal
TX001993,ACC0005,MRC0004,2026-01-17 09:08:04,119.82,Online Shop,0,normal
TX001994,ACC0029,ACC0009,2026-01-17 09:08:37,76.16,Pharmacy,0,normal
TX001995,ACC0047,MRC0036,2026-01-17 09:10:12,36.32,Transport,0,normal
TX001996,ACC0003,ACC0004,2026-01-17 09:10:16,32.45,Pharmacy,0,normal
TX001997,ACC0049,MRC0002,2026-01-17 09:12:21,81.56,Pharmacy,0,normal
TX001998,ACC0042,MRC0022,2026-01-17 09:27:20,88.08,Transport,0,normal
TX001999,ACC0022,MRC0022,2026-01-17 09:37:48,64.92,Pharmacy,0,normal
TX002000,ACC0056,MRC0010,2026-01-17 09:48:14,25.77,Pharmacy,0,normal
TX002001,ACC0002,MRC0035,2026-01-17 09:53:40,26.61,Restaurant,0,normal
TX002002,ACC0053,ACC0051,2026-01-17 10:14:44,99.18,Grocery,0,normal
TX002003,ACC0005,MRC0036,2026-01-17 10:18:32,212.56,Fuel,0,normal
TX002004,ACC0050,MRC0039,2026-01-17 10:25:59,103.29,Transport,0,normal
TX002005,ACC0018,MRC0003,2026-01-17 10:34:23,232.24,Online Shop,0,normal
TX002006,ACC0002,MRC0035,2026-01-17 10:37:26,33.91,Grocery,0,normal
TX002007,ACC0029,MRC0009,2026-01-17 10:39:24,214.53,Restaurant,0,normal
TX002008,ACC0014,MRC0010,2026-01-17 10:39:44,166.6,Fuel,0,normal
TX002009,ACC0007,MRC0016,2026-01-17 10:40:29,76.05,Restaurant,0,normal
TX002010,ACC0051,MRC0028,2026-01-17 10:41:23,162.23,Pharmacy,0,normal
TX002011,ACC0056,MRC0013,2026-01-17 11:01:53,54.74,Utilities,0,normal
TX002012,ACC0014,MRC0000,2026-01-17 11:04:31,106.57,Transport,0,normal
TX002013,ACC0039,MRC0006,2026-01-17 11:05:44,87.13,Utilities,0,normal
TX002014,ACC0033,MRC0014,2026-01-17 11:05:53,218.83,Fuel,0,normal
TX002015,ACC0038,MRC0008,2026-01-17 11:07:11,132.25,Grocery,0,normal
TX002016,ACC0031,MRC0021,2026-01-17 11:17:06,40.0,Pharmacy,0,normal
TX002017,ACC0009,MRC0024,2026-01-17 11:18:27,44.91,Restaurant,0,normal
TX002018,ACC0018,MRC0038,2026-01-17 11:30:49,146.99,Transport,0,normal
TX002019,ACC0010,MRC0016,2026-01-17 11:40:51,284.35,Transport,0,normal
TX002020,ACC0044,MRC0003,2026-01-17 11:42:33,150.3,Transport,0,normal
TX002021,ACC0031,MRC0000,2026-01-17 11:43:41,72.66,Online Shop,0,normal
TX002022,ACC0025,MRC0007,2026-01-17 11:43:45,121.24,Online Shop,0,normal
TX002023,ACC0042,MRC0030,2026-01-17 11:45:39,71.3,Fuel,0,normal
TX002024,ACC0010,MRC0016,2026-01-17 12:03:02,226.03,Utilities,0,normal
TX002025,ACC0039,MRC0024,2026-01-17 12:06:30,218.98,Transport,0,normal
TX002026,ACC0058,MRC0025,2026-01-17 12:08:47,43.02,Online Shop,0,normal
TX002027,ACC0019,MRC0008,2026-01-17 12:20:35,187.59,Grocery,0,normal
TX002028,ACC0023,MRC0004,2026-01-17 12:21:58,126.63,Pharmacy,0,normal
TX002029,ACC0008,MRC0015,2026-01-17 12:28:24,82.56,Pharmacy,0,normal
TX002030,ACC0038,MRC0022,2026-01-17 12:30:55,79.11,Fuel,0,normal
TX002031,ACC0047,MRC0036,2026-01-17 12:31:41,113.06,Online Shop,0,normal
TX002032,ACC0005,MRC0004,2026-01-17 12:31:47,205.92,Restaurant,0,normal
TX002033,ACC0021,MRC0008,2026-01-17 12:35:03,79.31,Pharmacy,0,normal
TX002034,ACC0039,MRC0005,2026-01-17 12:39:10,130.91,Restaurant,0,normal
TX002035,ACC0038,MRC0003,2026-01-17 12:57:06,57.81,Fuel,0,normal
TX002036,ACC0010,MRC0004,2026-01-17 13:01:02,129.09,Online Shop,0,normal
TX002037,ACC0007,MRC0016,2026-01-17 13:01:22,24.55,Transport,0,normal
TX002038,ACC0060,ACC0004,2026-01-17 13:06:11,115.27,Grocery,0,normal
TX002039,ACC0025,MRC0010,2026-01-17 13:07:17,76.21,Grocery,0,normal
TX002040,ACC0022,MRC0028,2026-01-17 13:10:19,91.37,Utilities,0,normal
TX002041,ACC0013,MRC0019,2026-01-17 13:10:48,78.95,Pharmacy,0,normal
TX002042,ACC0008,MRC0024,2026-01-17 13:10:51,54.47,Online Shop,0,normal
TX002043,ACC0019,MRC0035,2026-01-17 13:12:58,305.42,Transport,0,normal
TX002044,ACC0055,MRC0008,2026-01-17 13:13:49,25.04,Utilities,0,normal
TX002045,ACC0045,ACC0006,2026-01-17 13:26:36,126.75,Online Shop,0,normal
TX002046,ACC0042,MRC0029,2026-01-17 13:28:13,208.89,Pharmacy,0,normal
TX002047,ACC0036,MRC0037,2026-01-17 13:32:33,34.09,Utilities,0,normal
TX002048,ACC0060,MRC0035,2026-01-17 13:36:17,131.62,Fuel,0,normal
TX002049,ACC0051,MRC0037,2026-01-17 13:41:39,75.99,Pharmacy,0,normal
TX002050,ACC0025,MRC0007,2026-01-17 13:41:50,166.26,Grocery,0,normal
TX002051,ACC0008,MRC0029,2026-01-17 13:48:36,50.64,Restaurant,0,normal
TX002052,ACC0059,MRC0031,2026-01-17 13:57:58,210.37,Utilities,0,normal
TX002053,ACC0013,ACC0044,2026-01-17 14:11:08,107.0,Online Shop,0,normal
TX002054,ACC0014,MRC0010,2026-01-17 14:16:57,286.65,Fuel,0,normal
TX002055,ACC0004,MRC0035,2026-01-17 14:17:41,92.2,Transport,0,normal
TX002056,ACC0008,ACC0013,2026-01-17 14:37:30,204.08,Transport,0,normal
TX002057,ACC0017,MRC0032,2026-01-17 14:37:54,179.52,Pharmacy,0,normal
TX002058,ACC0013,MRC0019,2026-01-17 14:47:30,52.26,Pharmacy,0,normal
TX002059,ACC0029,MRC0009,2026-01-17 14:47:31,164.92,Online Shop,0,normal
TX002060,ACC0012,MRC0005,2026-01-17 14:47:38,73.52,Grocery,0,normal
TX002061,ACC0055,MRC0008,2026-01-17 14:48:59,52.31,Grocery,0,normal
TX002062,ACC0028,MRC0033,2026-01-17 14:50:27,71.25,Fuel,0,normal
TX002063,ACC0058,MRC0025,2026-01-17 14:57:26,31.18,Fuel,0,normal
TX002064,ACC0010,MRC0036,2026-01-17 15:03:37,165.22,Online Shop,0,normal
TX002065,ACC0016,ACC0042,2026-01-17 15:06:05,103.05,Grocery,0,normal
TX002066,ACC0060,MRC0004,2026-01-17 15:07:35,157.44,Grocery,0,normal
TX002067,ACC0032,ACC0042,2026-01-17 15:10:48,121.65,Transport,0,normal
TX002068,ACC0053,MRC0004,2026-01-17 15:12:13,92.64,Utilities,0,normal
TX002069,ACC0022,MRC0022,2026-01-17 15:14:16,48.66,Fuel,0,normal
TX002070,ACC0020,MRC0017,2026-01-17 15:29:24,140.43,Utilities,0,normal
TX002071,ACC0015,MRC0026,2026-01-17 15:34:02,96.3,Fuel,0,normal
TX002072,ACC0053,MRC0039,2026-01-17 15:42:25,140.22,Fuel,0,normal
TX002073,ACC0058,MRC0032,2026-01-17 15:52:07,89.19,Grocery,0,normal
TX002074,ACC0047,MRC0027,2026-01-17 16:01:13,39.33,Online Shop,0,normal
TX002075,ACC0005,MRC0031,2026-01-17 16:12:10,150.4,Grocery,0,normal
TX002076,ACC0026,MRC0003,2026-01-17 16:18:52,119.26,Fuel,0,normal
TX002077,ACC0049,MRC0031,2026-01-17 16:25:48,184.29,Transport,0,normal
TX002078,ACC0038,MRC0022,2026-01-17 16:30:10,196.78,Transport,0,normal
TX002079,ACC0037,MRC0013,2026-01-17 16:31:57,90.68,Grocery,0,normal
TX002080,ACC0060,MRC0038,2026-01-17 16:36:25,273.78,Transport,0,normal
TX002081,ACC0044,MRC0011,2026-01-17 16:36:44,100.31,Pharmacy,0,normal
TX002082,ACC0059,MRC0035,2026-01-17 16:38:41,136.98,Grocery,0,normal
TX002083,ACC0060,MRC0034,2026-01-17 16:44:31,110.47,Fuel,0,normal
TX002084,ACC0038,MRC0035,2026-01-17 16:48:18,66.95,Restaurant,0,normal
TX002085,ACC0038,MRC0022,2026-01-17 16:49:43,135.07,Grocery,0,normal
TX002086,ACC0007,MRC0013,2026-01-17 16:50:03,29.6,Fuel,0,normal
TX002087,ACC0057,MRC0023,2026-01-17 16:51:26,38.08,Utilities,0,normal
TX002088,ACC0016,MRC0009,2026-01-17 16:51:56,68.04,Pharmacy,0,normal
TX002089,ACC0054,MRC0010,2026-01-17 16:57:55,123.01,Fuel,0,normal
TX002090,ACC0017,MRC0029,2026-01-17 17:26:35,317.58,Restaurant,0,normal
TX002091,ACC0018,MRC0038,2026-01-17 17:32:50,100.11,Utilities,0,normal
TX002092,ACC0020,ACC0027,2026-01-17 17:35:27,211.32,Transport,0,normal
TX002093,ACC0031,MRC0013,2026-01-17 17:38:54,56.05,Grocery,0,normal
TX002094,ACC0036,MRC0037,2026-01-17 17:42:42,59.53,Transport,0,normal
TX002095,ACC0003,MRC0035,2026-01-17 17:59:23,26.92,Restaurant,0,normal
TX002096,ACC0056,MRC0036,2026-01-17 18:01:15,22.09,Fuel,0,normal
TX002097,ACC0058,MRC0025,2026-01-17 18:01:51,14.83,Transport,0,normal
TX002098,ACC0050,MRC0018,2026-01-17 18:10:25,97.47,Utilities,0,normal
TX002099,ACC0021,MRC0011,2026-01-17 18:11:38,103.4,Grocery,0,normal
TX002100,ACC0020,MRC0013,2026-01-17 18:17:37,85.2,Grocery,0,normal
TX002101,ACC0029,MRC0009,2026-01-17 18:18:44,77.42,Restaurant,0,normal
TX002102,ACC0041,MRC0023,2026-01-17 18:19:18,275.97,Grocery,0,normal
TX002103,ACC0042,MRC0029,2026-01-17 18:44:43,113.58,Online Shop,0,normal
TX002104,ACC0033,MRC0034,2026-01-17 18:44:54,84.35,Pharmacy,0,normal
TX002105,ACC0013,MRC0012,2026-01-17 18:46:56,87.91,Utilities,0,normal
TX002106,ACC0021,MRC0011,2026-01-17 19:04:35,62.44,Online Shop,0,normal
TX002107,ACC0056,MRC0024,2026-01-17 19:24:53,40.62,Fuel,0,normal
TX002108,ACC0026,MRC0000,2026-01-17 19:51:23,223.28,Grocery,0,normal
TX002109,ACC0027,MRC0039,2026-01-17 20:00:47,129.39,Pharmacy,0,normal
TX002110,ACC0001,MRC0038,2026-01-17 20:29:39,163.61,Utilities,0,normal
TX002111,ACC0023,MRC0027,2026-01-17 22:23:57,141.97,Transport,0,normal
TX002112,ACC0008,MRC0029,2026-01-17 22:38:04,105.31,Grocery,0,normal
TX002113,ACC0054,MRC0023,2026-01-17 22:43:52,133.89,Restaurant,0,normal
TX002114,ACC0001,MRC0023,2026-01-18 03:25:00,739.9,Online Shop,1,odd_hour
TX002115,ACC0060,MRC0004,2026-01-18 07:00:56,153.21,Online Shop,0,normal
TX002116,ACC0047,ACC0021,2026-01-18 07:15:14,101.4,Transport,0,normal
TX002117,ACC0014,MRC0000,2026-01-18 07:17:12,243.94,Utilities,0,normal
TX002118,ACC0007,ACC0006,2026-01-18 07:19:10,23.29,Online Shop,0,normal
TX002119,ACC0048,MRC0012,2026-01-18 07:37:58,93.36,Online Shop,0,normal
TX002120,ACC0024,MRC0018,2026-01-18 07:40:53,28.14,Restaurant,0,normal
TX002121,ACC0030,MRC0030,2026-01-18 07:48:14,238.05,Pharmacy,0,normal
TX002122,ACC0029,ACC0050,2026-01-18 07:51:33,120.75,Fuel,0,normal
TX002123,ACC0024,MRC0018,2026-01-18 07:53:11,128.42,Restaurant,0,normal
TX002124,ACC0028,MRC0010,2026-01-18 07:58:38,126.47,Restaurant,0,normal
TX002125,ACC0010,MRC0004,2026-01-18 09:06:56,294.56,Utilities,0,normal
TX002126,ACC0053,MRC0002,2026-01-18 09:08:10,95.59,Pharmacy,0,normal
TX002127,ACC0021,MRC0011,2026-01-18 09:10:34,65.7,Transport,0,normal
TX002128,ACC0024,MRC0028,2026-01-18 09:23:18,83.92,Transport,0,normal
TX002129,ACC0047,MRC0036,2026-01-18 09:28:24,68.14,Fuel,0,normal
TX002130,ACC0048,MRC0015,2026-01-18 09:41:34,99.63,Restaurant,0,normal
TX002131,ACC0006,MRC0010,2026-01-18 09:52:29,219.56,Utilities,0,normal
TX002132,ACC0039,ACC0005,2026-01-18 09:56:21,82.07,Online Shop,0,normal
TX002133,ACC0012,MRC0010,2026-01-18 09:59:49,85.38,Online Shop,0,normal
TX002134,ACC0017,ACC0038,2026-01-18 10:17:42,240.96,Pharmacy,0,normal
TX002135,ACC0037,MRC0027,2026-01-18 10:28:00,1650.09,Online Shop,1,amount_spike
TX002136,ACC0040,MRC0019,2026-01-18 10:36:01,30.36,Online Shop,0,normal
TX002137,ACC0001,MRC0038,2026-01-18 10:44:48,180.75,Online Shop,0,normal
TX002138,ACC0035,MRC0034,2026-01-18 10:45:40,127.68,Restaurant,0,normal
TX002139,ACC0005,MRC0036,2026-01-18 10:46:11,152.78,Restaurant,0,normal
TX002140,ACC0001,MRC0016,2026-01-18 10:51:48,161.28,Online Shop,0,normal
TX002141,ACC0031,MRC0013,2026-01-18 10:54:59,33.37,Online Shop,0,normal
TX002142,ACC0058,ACC0015,2026-01-18 10:57:24,24.29,Utilities,0,normal
TX002143,ACC0029,MRC0028,2026-01-18 10:59:49,111.48,Fuel,0,normal
TX002144,ACC0048,MRC0001,2026-01-18 11:12:22,113.05,Transport,0,normal
TX002145,ACC0008,MRC0015,2026-01-18 11:17:20,46.87,Transport,0,normal
TX002146,ACC0014,MRC0010,2026-01-18 11:26:25,119.29,Transport,0,normal
TX002147,ACC0038,MRC0022,2026-01-18 11:29:42,105.67,Online Shop,0,normal
TX002148,ACC0056,MRC0013,2026-01-18 11:35:57,26.39,Pharmacy,0,normal
TX002149,ACC0023,MRC0017,2026-01-18 11:40:49,173.18,Pharmacy,0,normal
TX002150,ACC0030,MRC0005,2026-01-18 11:50:06,135.83,Online Shop,0,normal
TX002151,ACC0051,MRC0028,2026-01-18 11:58:14,181.74,Transport,0,normal
TX002152,ACC0028,MRC0033,2026-01-18 12:00:19,95.66,Transport,0,normal
TX002153,ACC0051,MRC0024,2026-01-18 12:00:38,48.15,Grocery,0,normal
TX002154,ACC0001,MRC0038,2026-01-18 12:14:06,81.27,Utilities,0,normal
TX002155,ACC0045,MRC0036,2026-01-18 12:25:49,62.49,Online Shop,0,normal
TX002156,ACC0058,MRC0029,2026-01-18 12:26:26,31.36,Transport,0,normal
TX002157,ACC0006,ACC0056,2026-01-18 12:39:44,57.56,Online Shop,0,normal
TX002158,ACC0012,MRC0014,2026-01-18 12:59:12,79.65,Online Shop,0,normal
TX002159,ACC0029,MRC0028,2026-01-18 13:00:00,111.03,Utilities,0,normal
TX002160,ACC0006,MRC0004,2026-01-18 13:06:56,148.19,Pharmacy,0,normal
TX002161,ACC0020,MRC0017,2026-01-18 13:09:47,98.92,Utilities,0,normal
TX002162,ACC0001,MRC0034,2026-01-18 13:09:57,222.76,Online Shop,0,normal
TX002163,ACC0034,MRC0018,2026-01-18 13:17:10,43.7,Restaurant,0,normal
TX002164,ACC0018,MRC0003,2026-01-18 13:17:43,199.2,Utilities,0,normal
TX002165,ACC0038,MRC0008,2026-01-18 13:24:21,123.74,Online Shop,0,normal
TX002166,ACC0016,MRC0030,2026-01-18 13:26:36,153.38,Utilities,0,normal
TX002167,ACC0035,MRC0031,2026-01-18 13:31:45,195.38,Utilities,0,normal
TX002168,ACC0044,ACC0018,2026-01-18 13:36:11,175.01,Restaurant,0,normal
TX002169,ACC0039,MRC0004,2026-01-18 13:36:23,251.54,Pharmacy,0,normal
TX002170,ACC0021,MRC0034,2026-01-18 13:39:36,57.25,Grocery,0,normal
TX002171,ACC0055,MRC0037,2026-01-18 13:49:04,63.33,Grocery,0,normal
TX002172,ACC0052,ACC0037,2026-01-18 13:49:50,36.3,Pharmacy,0,normal
TX002173,ACC0047,MRC0031,2026-01-18 13:53:23,72.13,Restaurant,0,normal
TX002174,ACC0033,ACC0026,2026-01-18 13:59:52,215.78,Fuel,0,normal
TX002175,ACC0028,MRC0033,2026-01-18 14:02:04,160.96,Fuel,0,normal
TX002176,ACC0050,MRC0011,2026-01-18 14:03:35,81.44,Grocery,0,normal
TX002177,ACC0008,ACC0013,2026-01-18 14:08:22,103.0,Utilities,0,normal
TX002178,ACC0035,MRC0031,2026-01-18 14:18:00,72.19,Transport,0,normal
TX002179,ACC0052,MRC0020,2026-01-18 14:18:22,69.9,Utilities,0,normal
TX002180,ACC0029,MRC0038,2026-01-18 14:20:55,71.85,Grocery,0,normal
TX002181,ACC0034,MRC0037,2026-01-18 14:22:04,41.13,Grocery,0,normal
TX002182,ACC0058,MRC0030,2026-01-18 14:28:22,32.61,Grocery,0,normal
TX002183,ACC0018,ACC0038,2026-01-18 14:28:36,88.51,Pharmacy,0,normal
TX002184,ACC0059,MRC0031,2026-01-18 14:28:38,231.69,Online Shop,0,normal
TX002185,ACC0018,ACC0050,2026-01-18 14:32:50,44.87,Online Shop,0,normal
TX002186,ACC0026,MRC0032,2026-01-18 14:36:17,118.61,Online Shop,0,normal
TX002187,ACC0019,MRC0035,2026-01-18 14:37:36,143.83,Pharmacy,0,normal
TX002188,ACC0014,MRC0000,2026-01-18 14:40:53,378.94,Online Shop,0,normal
TX002189,ACC0041,MRC0026,2026-01-18 14:41:46,93.27,Utilities,0,normal
TX002190,ACC0013,MRC0015,2026-01-18 14:42:58,69.63,Grocery,0,normal
TX002191,ACC0059,MRC0035,2026-01-18 14:43:42,105.57,Fuel,0,normal
TX002192,ACC0057,ACC0005,2026-01-18 14:57:57,34.52,Pharmacy,0,normal
TX002193,ACC0006,MRC0010,2026-01-18 15:00:21,108.98,Fuel,0,normal
TX002194,ACC0055,MRC0001,2026-01-18 15:17:48,46.05,Online Shop,0,normal
TX002195,ACC0035,MRC0034,2026-01-18 15:28:38,108.1,Pharmacy,0,normal
TX002196,ACC0052,MRC0020,2026-01-18 15:29:10,60.72,Fuel,0,normal
TX002197,ACC0059,MRC0035,2026-01-18 15:33:06,268.71,Pharmacy,0,normal
TX002198,ACC0058,MRC0029,2026-01-18 15:33:52,33.22,Pharmacy,0,normal
TX002199,ACC0026,MRC0032,2026-01-18 15:34:57,248.42,Online Shop,0,normal
TX002200,ACC0002,MRC0005,2026-01-18 15:35:42,61.96,Pharmacy,0,normal
TX002201,ACC0017,MRC0034,2026-01-18 15:52:48,108.25,Online Shop,0,normal
TX002202,ACC0008,MRC0025,2026-01-18 15:57:50,96.9,Utilities,0,normal
TX002203,ACC0042,MRC0030,2026-01-18 16:05:23,83.96,Restaurant,0,normal
TX002204,ACC0023,MRC0027,2026-01-18 16:07:17,122.82,Online Shop,0,normal
TX002205,ACC0056,MRC0036,2026-01-18 16:13:19,26.73,Restaurant,0,normal
TX002206,ACC0034,MRC0010,2026-01-18 16:25:33,69.32,Transport,0,normal
TX002207,ACC0060,MRC0004,2026-01-18 16:26:46,156.51,Grocery,0,normal
TX002208,ACC0020,MRC0009,2026-01-18 16:27:15,180.93,Pharmacy,0,normal
TX002209,ACC0050,MRC0011,2026-01-18 16:33:45,46.62,Utilities,0,normal
TX002210,ACC0027,MRC0026,2026-01-18 16:36:44,171.48,Utilities,0,normal
TX002211,ACC0020,MRC0023,2026-01-18 16:37:34,211.73,Pharmacy,0,normal
TX002212,ACC0025,MRC0010,2026-01-18 16:50:10,105.21,Transport,0,normal
TX002213,ACC0022,MRC0023,2026-01-18 17:09:24,93.97,Pharmacy,0,normal
TX002214,ACC0016,ACC0042,2026-01-18 17:11:17,69.66,Utilities,0,normal
TX002215,ACC0041,MRC0036,2026-01-18 17:33:45,260.3,Online Shop,0,normal
TX002216,ACC0030,MRC0016,2026-01-18 17:34:40,300.52,Restaurant,0,normal
TX002217,ACC0054,MRC0033,2026-01-18 17:58:36,204.55,Transport,0,normal
TX002218,ACC0052,MRC0013,2026-01-18 18:00:32,86.26,Fuel,0,normal
TX002219,ACC0012,MRC0014,2026-01-18 18:04:54,65.52,Transport,0,normal
TX002220,ACC0013,MRC0032,2026-01-18 18:16:54,70.73,Restaurant,0,normal
TX002221,ACC0030,MRC0005,2026-01-18 18:20:14,483.68,Transport,0,normal
TX002222,ACC0053,MRC0039,2026-01-18 18:26:23,60.36,Pharmacy,0,normal
TX002223,ACC0027,MRC0039,2026-01-18 18:33:59,200.27,Restaurant,0,normal
TX002224,ACC0010,MRC0016,2026-01-18 18:41:19,212.19,Pharmacy,0,normal
TX002225,ACC0058,ACC0015,2026-01-18 18:51:44,57.04,Pharmacy,0,normal
TX002226,ACC0042,MRC0022,2026-01-18 18:59:10,149.56,Fuel,0,normal
TX002227,ACC0015,MRC0022,2026-01-18 18:59:23,34.73,Transport,0,normal
TX002228,ACC0054,MRC0023,2026-01-18 19:16:04,218.11,Fuel,0,normal
TX002229,ACC0058,MRC0030,2026-01-18 19:29:55,45.81,Fuel,0,normal
TX002230,ACC0050,MRC0018,2026-01-18 20:08:35,75.48,Restaurant,0,normal
TX002231,ACC0051,MRC0024,2026-01-18 20:38:05,40.33,Pharmacy,0,normal
TX002232,ACC0020,MRC0009,2026-01-18 21:12:20,78.26,Utilities,0,normal
TX002233,ACC0038,MRC0008,2026-01-18 21:40:44,83.31,Fuel,0,normal
TX002234,ACC0025,MRC0007,2026-01-18 22:22:57,153.82,Online Shop,0,normal
TX002235,ACC0016,MRC0013,2026-01-18 22:53:10,116.48,Utilities,0,normal
TX002236,ACC0059,ACC0019,2026-01-18 22:58:16,100.46,Utilities,0,normal
TX002237,ACC0020,ACC0057,2026-01-19 07:00:04,104.47,Transport,0,normal
TX002238,ACC0008,MRC0015,2026-01-19 07:06:16,79.65,Transport,0,normal
TX002239,ACC0025,MRC0007,2026-01-19 07:10:31,198.17,Restaurant,0,normal
TX002240,ACC0056,MRC0036,2026-01-19 07:11:06,35.19,Online Shop,0,normal
TX002241,ACC0024,MRC0013,2026-01-19 07:15:52,61.71,Fuel,0,normal
TX002242,ACC0040,MRC0019,2026-01-19 07:16:44,65.61,Online Shop,0,normal
TX002243,ACC0030,MRC0005,2026-01-19 07:18:47,234.7,Utilities,0,normal
TX002244,ACC0047,MRC0036,2026-01-19 07:23:54,94.75,Restaurant,0,normal
TX002245,ACC0028,MRC0033,2026-01-19 07:26:51,114.51,Utilities,0,normal
TX002246,ACC0044,MRC0019,2026-01-19 07:31:55,80.19,Fuel,0,normal
TX002247,ACC0011,MRC0001,2026-01-19 07:42:14,142.04,Transport,0,normal
TX002248,ACC0029,MRC0030,2026-01-19 07:54:35,126.67,Fuel,0,normal
TX002249,ACC0034,MRC0037,2026-01-19 07:57:19,53.68,Online Shop,0,normal
TX002250,ACC0005,MRC0036,2026-01-19 07:59:26,160.17,Restaurant,0,normal
TX002251,ACC0006,MRC0012,2026-01-19 08:07:15,106.66,Transport,0,normal
TX002252,ACC0048,MRC0001,2026-01-19 08:19:01,106.99,Transport,0,normal
TX002253,ACC0001,MRC0016,2026-01-19 08:21:20,186.94,Utilities,0,normal
TX002254,ACC0027,MRC0033,2026-01-19 08:24:13,106.15,Online Shop,0,normal
TX002255,ACC0043,MRC0028,2026-01-19 08:41:00,37.55,Utilities,0,normal
TX002256,ACC0028,MRC0020,2026-01-19 09:01:39,140.12,Online Shop,0,normal
TX002257,ACC0052,MRC0024,2026-01-19 09:17:01,36.04,Fuel,0,normal
TX002258,ACC0048,MRC0012,2026-01-19 09:22:30,57.79,Online Shop,0,normal
TX002259,ACC0058,MRC0030,2026-01-19 09:37:47,58.3,Online Shop,0,normal
TX002260,ACC0045,MRC0010,2026-01-19 09:47:22,103.63,Restaurant,0,normal
TX002261,ACC0012,MRC0014,2026-01-19 09:56:06,62.66,Grocery,0,normal
TX002262,ACC0040,MRC0030,2026-01-19 09:56:36,26.28,Transport,0,normal
TX002263,ACC0027,MRC0014,2026-01-19 09:57:46,113.06,Pharmacy,0,normal
TX002264,ACC0035,MRC0034,2026-01-19 10:04:46,110.82,Online Shop,0,normal
TX002265,ACC0036,MRC0037,2026-01-19 10:10:18,30.88,Pharmacy,0,normal
TX002266,ACC0015,MRC0005,2026-01-19 10:37:12,84.42,Restaurant,0,normal
TX002267,ACC0050,MRC0018,2026-01-19 10:39:16,68.9,Restaurant,0,normal
TX002268,ACC0042,MRC0022,2026-01-19 10:41:47,75.03,Grocery,0,normal
TX002269,ACC0020,MRC0023,2026-01-19 10:44:31,122.77,Grocery,0,normal
TX002270,ACC0024,MRC0013,2026-01-19 10:44:32,87.24,Fuel,0,normal
TX002271,ACC0060,MRC0004,2026-01-19 10:49:03,199.23,Pharmacy,0,normal
TX002272,ACC0053,MRC0039,2026-01-19 10:49:29,210.48,Fuel,0,normal
TX002273,ACC0030,MRC0038,2026-01-19 10:55:06,259.43,Restaurant,0,normal
TX002274,ACC0001,MRC0016,2026-01-19 11:07:22,78.87,Pharmacy,0,normal
TX002275,ACC0036,MRC0031,2026-01-19 11:07:26,42.91,Pharmacy,0,normal
TX002276,ACC0024,MRC0018,2026-01-19 11:11:40,106.32,Grocery,0,normal
TX002277,ACC0034,MRC0023,2026-01-19 11:12:10,42.0,Restaurant,0,normal
TX002278,ACC0010,MRC0004,2026-01-19 11:13:05,120.67,Grocery,0,normal
TX002279,ACC0008,MRC0024,2026-01-19 11:17:23,98.38,Pharmacy,0,normal
TX002280,ACC0009,MRC0003,2026-01-19 11:22:18,36.96,Fuel,0,normal
TX002281,ACC0034,MRC0023,2026-01-19 11:25:56,79.04,Online Shop,0,normal
TX002282,ACC0017,MRC0032,2026-01-19 11:32:54,291.26,Grocery,0,normal
TX002283,ACC0017,MRC0029,2026-01-19 11:37:26,71.85,Pharmacy,0,normal
TX002284,ACC0023,MRC0017,2026-01-19 11:41:07,91.92,Online Shop,0,normal
TX002285,ACC0015,MRC0026,2026-01-19 11:44:07,174.7,Transport,0,normal
TX002286,ACC0025,MRC0010,2026-01-19 12:00:09,115.36,Utilities,0,normal
TX002287,ACC0009,MRC0024,2026-01-19 12:02:22,70.46,Online Shop,0,normal
TX002288,ACC0050,MRC0039,2026-01-19 12:02:41,59.73,Pharmacy,0,normal
TX002289,ACC0038,ACC0042,2026-01-19 12:03:10,203.08,Pharmacy,0,normal
TX002290,ACC0036,MRC0018,2026-01-19 12:04:41,38.08,Restaurant,0,normal
TX002291,ACC0021,MRC0034,2026-01-19 12:04:44,105.97,Pharmacy,0,normal
TX002292,ACC0054,ACC0040,2026-01-19 12:07:00,124.81,Utilities,0,normal
TX002293,ACC0029,MRC0009,2026-01-19 12:11:31,216.86,Grocery,0,normal
TX002294,ACC0033,MRC0038,2026-01-19 12:15:10,88.91,Grocery,0,normal
TX002295,ACC0002,MRC0037,2026-01-19 12:19:17,75.28,Grocery,0,normal
TX002296,ACC0052,MRC0020,2026-01-19 12:21:34,49.68,Fuel,0,normal
TX002297,ACC0016,MRC0013,2026-01-19 12:23:07,54.18,Fuel,0,normal
TX002298,ACC0002,MRC0037,2026-01-19 12:26:00,58.4,Pharmacy,0,normal
TX002299,ACC0017,MRC0034,2026-01-19 12:28:24,141.11,Pharmacy,0,normal
TX002300,ACC0018,ACC0050,2026-01-19 12:35:22,165.23,Fuel,0,normal
TX002301,ACC0053,MRC0022,2026-01-19 12:41:19,109.78,Transport,0,normal
TX002302,ACC0023,MRC0017,2026-01-19 12:46:39,290.31,Restaurant,0,normal
TX002303,ACC0015,MRC0022,2026-01-19 12:53:42,92.1,Transport,0,normal
TX002304,ACC0018,MRC0036,2026-01-19 13:00:41,181.81,Restaurant,0,normal
TX002305,ACC0043,MRC0036,2026-01-19 13:00:53,56.07,Grocery,0,normal
TX002306,ACC0060,MRC0034,2026-01-19 13:02:47,163.71,Pharmacy,0,normal
TX002307,ACC0011,ACC0038,2026-01-19 13:04:06,227.32,Fuel,0,normal
TX002308,ACC0038,MRC0022,2026-01-19 13:19:33,138.75,Fuel,0,normal
TX002309,ACC0008,MRC0025,2026-01-19 13:21:33,105.29,Utilities,0,normal
TX002310,ACC0060,ACC0029,2026-01-19 13:27:04,302.46,Fuel,0,normal
TX002311,ACC0045,ACC0040,2026-01-19 13:29:44,112.15,Restaurant,0,normal
TX002312,ACC0037,MRC0034,2026-01-19 13:42:19,86.06,Transport,0,normal
TX002313,ACC0020,MRC0017,2026-01-19 13:44:20,134.19,Grocery,0,normal
TX002314,ACC0020,MRC0009,2026-01-19 13:47:58,188.36,Fuel,0,normal
TX002315,ACC0032,MRC0016,2026-01-19 13:49:37,104.82,Online Shop,0,normal
TX002316,ACC0060,MRC0034,2026-01-19 13:52:46,150.63,Fuel,0,normal
TX002317,ACC0032,MRC0023,2026-01-19 13:55:48,224.59,Pharmacy,0,normal
TX002318,ACC0002,MRC0003,2026-01-19 13:58:24,21.11,Fuel,0,normal
TX002319,ACC0035,MRC0037,2026-01-19 14:10:51,53.29,Fuel,0,normal
TX002320,ACC0013,ACC0044,2026-01-19 14:15:56,68.97,Restaurant,0,normal
TX002321,ACC0018,ACC0050,2026-01-19 14:17:23,79.51,Utilities,0,normal
TX002322,ACC0036,MRC0031,2026-01-19 14:19:39,37.44,Fuel,0,normal
TX002323,ACC0056,MRC0010,2026-01-19 14:21:06,50.35,Restaurant,0,normal
TX002324,ACC0052,MRC0007,2026-01-19 14:21:20,32.55,Fuel,0,normal
TX002325,ACC0018,MRC0038,2026-01-19 14:23:46,53.14,Transport,0,normal
TX002326,ACC0051,MRC0028,2026-01-19 14:28:31,76.63,Pharmacy,0,normal
TX002327,ACC0027,MRC0039,2026-01-19 14:28:39,199.65,Restaurant,0,normal
TX002328,ACC0017,MRC0029,2026-01-19 14:36:54,206.61,Restaurant,0,normal
TX002329,ACC0039,MRC0004,2026-01-19 14:40:13,129.84,Transport,0,normal
TX002330,ACC0048,MRC0027,2026-01-19 14:42:09,120.77,Transport,0,normal
TX002331,ACC0025,MRC0007,2026-01-19 14:43:23,117.02,Pharmacy,0,normal
TX002332,ACC0015,MRC0033,2026-01-19 14:48:04,40.16,Transport,0,normal
TX002333,ACC0031,MRC0030,2026-01-19 14:59:14,43.74,Transport,0,normal
TX002334,ACC0041,MRC0023,2026-01-19 15:06:22,256.21,Restaurant,0,normal
TX002335,ACC0038,MRC0008,2026-01-19 15:08:02,106.64,Pharmacy,0,normal
TX002336,ACC0012,MRC0014,2026-01-19 15:08:22,201.29,Grocery,0,normal
TX002337,ACC0035,MRC0031,2026-01-19 15:15:31,90.59,Restaurant,0,normal
TX002338,ACC0025,MRC0010,2026-01-19 15:15:47,103.93,Online Shop,0,normal
TX002339,ACC0041,MRC0036,2026-01-19 15:27:56,223.67,Restaurant,0,normal
TX002340,ACC0043,MRC0037,2026-01-19 15:35:25,49.88,Restaurant,0,normal
TX002341,ACC0008,MRC0015,2026-01-19 15:43:17,124.25,Grocery,0,normal
TX002342,ACC0023,MRC0027,2026-01-19 15:50:22,191.63,Restaurant,0,normal
TX002343,ACC0054,ACC0040,2026-01-19 15:55:09,150.89,Online Shop,0,normal
TX002344,ACC0006,MRC0012,2026-01-19 15:55:29,222.83,Pharmacy,0,normal
TX002345,ACC0027,MRC0026,2026-01-19 15:58:22,75.46,Pharmacy,0,normal
TX002346,ACC0010,MRC0016,2026-01-19 16:02:05,112.14,Restaurant,0,normal
TX002347,ACC0011,MRC0027,2026-01-19 16:04:32,293.9,Utilities,0,normal
TX002348,ACC0038,MRC0035,2026-01-19 16:16:30,114.2,Fuel,0,normal
TX002349,ACC0028,MRC0033,2026-01-19 16:17:30,95.34,Pharmacy,0,normal
TX002350,ACC0022,MRC0022,2026-01-19 16:18:03,89.58,Online Shop,0,normal
TX002351,ACC0040,MRC0030,2026-01-19 16:23:07,22.21,Grocery,0,normal
TX002352,ACC0019,MRC0022,2026-01-19 16:25:05,186.82,Grocery,0,normal
TX002353,ACC0040,MRC0019,2026-01-19 16:34:18,29.21,Utilities,0,normal
TX002354,ACC0017,MRC0034,2026-01-19 16:47:34,174.22,Pharmacy,0,normal
TX002355,ACC0034,MRC0018,2026-01-19 17:13:10,42.38,Grocery,0,normal
TX002356,ACC0001,ACC0033,2026-01-19 17:37:43,155.1,Transport,0,normal
TX002357,ACC0060,ACC0004,2026-01-19 17:38:23,139.84,Grocery,0,normal
TX002358,ACC0057,MRC0011,2026-01-19 17:38:48,49.93,Utilities,0,normal
TX002359,ACC0050,MRC0018,2026-01-19 17:42:48,81.2,Pharmacy,0,normal
TX002360,ACC0014,ACC0029,2026-01-19 17:44:40,212.03,Online Shop,0,normal
TX002361,ACC0038,MRC0022,2026-01-19 17:46:23,96.36,Transport,0,normal
TX002362,ACC0010,MRC0009,2026-01-19 17:52:07,203.85,Transport,0,normal
TX002363,ACC0056,MRC0024,2026-01-19 17:53:19,28.28,Transport,0,normal
TX002364,ACC0019,MRC0035,2026-01-19 17:57:14,128.92,Utilities,0,normal
TX002365,ACC0052,MRC0024,2026-01-19 18:26:40,44.39,Fuel,0,normal
TX002366,ACC0038,MRC0035,2026-01-19 18:28:33,81.56,Transport,0,normal
TX002367,ACC0052,MRC0007,2026-01-19 19:27:22,47.69,Utilities,0,normal
TX002368,ACC0055,MRC0001,2026-01-19 19:44:56,15.74,Online Shop,0,normal
TX002369,ACC0020,ACC0027,2026-01-19 19:51:32,223.48,Restaurant,0,normal
TX002370,ACC0047,MRC0038,2026-01-19 19:52:22,42.77,Fuel,0,normal
TX002371,ACC0016,MRC0029,2026-01-19 20:00:26,171.24,Restaurant,0,normal
TX002372,ACC0022,MRC0023,2026-01-19 20:09:41,83.62,Online Shop,0,normal
TX002373,ACC0012,MRC0014,2026-01-19 20:22:32,71.65,Restaurant,0,normal
TX002374,ACC0013,MRC0032,2026-01-19 20:44:45,110.21,Transport,0,normal
TX002375,ACC0060,MRC0038,2026-01-19 21:58:34,209.46,Restaurant,0,normal
TX002376,ACC0027,MRC0039,2026-01-19 22:25:26,98.84,Restaurant,0,normal
TX002377,ACC0052,MRC0020,2026-01-19 22:46:28,14.8,Online Shop,0,normal
TX002378,ACC0009,MRC0008,2026-01-20 07:00:50,27.68,Pharmacy,0,normal
TX002379,ACC0027,MRC0039,2026-01-20 07:15:13,277.43,Fuel,0,normal
TX002380,ACC0017,MRC0032,2026-01-20 07:21:48,71.98,Transport,0,normal
TX002381,ACC0052,MRC0024,2026-01-20 07:24:21,71.72,Pharmacy,0,normal
TX002382,ACC0054,MRC0033,2026-01-20 07:27:39,135.42,Restaurant,0,normal
TX002383,ACC0017,MRC0029,2026-01-20 07:40:29,258.85,Restaurant,0,normal
TX002384,ACC0055,MRC0008,2026-01-20 07:49:54,38.06,Online Shop,0,normal
TX002385,ACC0053,MRC0022,2026-01-20 07:52:42,113.16,Online Shop,0,normal
TX002386,ACC0003,MRC0035,2026-01-20 07:53:06,25.38,Restaurant,0,normal
TX002387,ACC0035,ACC0053,2026-01-20 07:54:03,158.37,Restaurant,0,normal
TX002388,ACC0053,MRC0022,2026-01-20 08:13:41,186.62,Fuel,0,normal
TX002389,ACC0046,MRC0005,2026-01-20 08:19:40,38.18,Pharmacy,0,normal
TX002390,ACC0012,ACC0038,2026-01-20 08:31:14,203.36,Grocery,0,normal
TX002391,ACC0059,MRC0019,2026-01-20 08:37:30,219.0,Online Shop,0,normal
TX002392,ACC0049,MRC0025,2026-01-20 08:39:19,104.93,Restaurant,0,normal
TX002393,ACC0022,MRC0031,2026-01-20 08:41:37,45.19,Online Shop,0,normal
TX002394,ACC0024,MRC0034,2026-01-20 08:42:35,58.92,Pharmacy,0,normal
TX002395,ACC0014,MRC0027,2026-01-20 08:48:23,257.88,Utilities,0,normal
TX002396,ACC0058,ACC0015,2026-01-20 08:49:29,21.22,Pharmacy,0,normal
TX002397,ACC0049,MRC0031,2026-01-20 08:57:36,77.99,Utilities,0,normal
TX002398,ACC0039,MRC0005,2026-01-20 09:01:09,57.62,Fuel,0,normal
TX002399,ACC0023,MRC0017,2026-01-20 09:03:14,130.57,Restaurant,0,normal
TX002400,ACC0014,MRC0004,2026-01-20 09:14:22,128.05,Restaurant,0,normal
TX002401,ACC0030,MRC0030,2026-01-20 09:21:26,127.6,Transport,0,normal
TX002402,ACC0020,MRC0017,2026-01-20 09:21:28,175.97,Restaurant,0,normal
TX002403,ACC0013,MRC0032,2026-01-20 09:27:12,58.11,Pharmacy,0,normal
TX002404,ACC0058,MRC0032,2026-01-20 09:40:39,26.91,Grocery,0,normal
TX002405,ACC0022,MRC0031,2026-01-20 09:44:40,147.95,Grocery,0,normal
TX002406,ACC0044,MRC0019,2026-01-20 09:49:08,97.44,Utilities,0,normal
TX002407,ACC0049,MRC0031,2026-01-20 09:53:06,93.73,Restaurant,0,normal
TX002408,ACC0013,MRC0015,2026-01-20 09:53:14,38.45,Transport,0,normal
TX002409,ACC0009,MRC0004,2026-01-20 09:58:44,27.33,Restaurant,0,normal
TX002410,ACC0008,MRC0029,2026-01-20 10:04:59,51.86,Online Shop,0,normal
TX002411,ACC0016,MRC0030,2026-01-20 10:17:15,180.19,Fuel,0,normal
TX002412,ACC0057,MRC0023,2026-01-20 10:19:24,54.52,Fuel,0,normal
TX002413,ACC0020,ACC0057,2026-01-20 10:19:29,115.86,Pharmacy,0,normal
TX002414,ACC0007,MRC0013,2026-01-20 10:21:03,28.78,Utilities,0,normal
TX002415,ACC0050,MRC0018,2026-01-20 10:35:55,95.66,Online Shop,0,normal
TX002416,ACC0058,MRC0030,2026-01-20 10:37:57,51.7,Restaurant,0,normal
TX002417,ACC0034,MRC0010,2026-01-20 10:38:53,56.51,Pharmacy,0,normal
TX002418,ACC0056,MRC0024,2026-01-20 10:45:29,21.66,Restaurant,0,normal
TX002419,ACC0004,MRC0020,2026-01-20 11:02:32,51.02,Restaurant,0,normal
TX002420,ACC0001,MRC0024,2026-01-20 11:06:15,149.28,Online Shop,0,normal
TX002421,ACC0060,MRC0038,2026-01-20 11:11:51,208.53,Grocery,0,normal
TX002422,ACC0016,ACC0015,2026-01-20 11:21:24,114.09,Online Shop,0,normal
TX002423,ACC0004,MRC0035,2026-01-20 11:22:19,113.21,Restaurant,0,normal
TX002424,ACC0043,MRC0037,2026-01-20 11:40:41,39.36,Transport,0,normal
TX002425,ACC0048,MRC0001,2026-01-20 11:44:39,95.08,Transport,0,normal
TX002426,ACC0034,MRC0037,2026-01-20 11:48:39,105.4,Pharmacy,0,normal
TX002427,ACC0023,MRC0011,2026-01-20 11:56:28,107.19,Fuel,0,normal
TX002428,ACC0049,MRC0025,2026-01-20 11:58:49,312.55,Transport,0,normal
TX002429,ACC0002,ACC0009,2026-01-20 12:00:00,28.8,Pharmacy,0,normal
TX002430,ACC0052,MRC0013,2026-01-20 12:00:14,33.95,Grocery,0,normal
TX002431,ACC0026,MRC0007,2026-01-20 12:22:56,110.76,Online Shop,0,normal
TX002432,ACC0011,MRC0001,2026-01-20 12:34:43,241.06,Transport,0,normal
TX002433,ACC0012,MRC0014,2026-01-20 12:35:26,38.05,Fuel,0,normal
TX002434,ACC0006,ACC0056,2026-01-20 12:41:03,116.05,Pharmacy,0,normal
TX002435,ACC0033,MRC0038,2026-01-20 12:41:23,228.77,Fuel,0,normal
TX002436,ACC0018,MRC0038,2026-01-20 13:08:32,257.81,Restaurant,0,normal
TX002437,ACC0060,MRC0038,2026-01-20 13:09:13,200.29,Pharmacy,0,normal
TX002438,ACC0023,MRC0011,2026-01-20 13:11:16,351.32,Online Shop,0,normal
TX002439,ACC0013,MRC0032,2026-01-20 13:14:20,46.71,Pharmacy,0,normal
TX002440,ACC0030,MRC0005,2026-01-20 13:14:32,86.4,Transport,0,normal
TX002441,ACC0044,MRC0001,2026-01-20 13:21:20,102.88,Transport,0,normal
TX002442,ACC0060,MRC0004,2026-01-20 13:24:21,166.33,Transport,0,normal
TX002443,ACC0020,MRC0023,2026-01-20 13:34:11,109.93,Grocery,0,normal
TX002444,ACC0024,MRC0013,2026-01-20 13:34:32,70.61,Pharmacy,0,normal
TX002445,ACC0047,MRC0036,2026-01-20 13:37:12,40.89,Grocery,0,normal
TX002446,ACC0046,MRC0005,2026-01-20 13:38:18,13.75,Restaurant,0,normal
TX002447,ACC0050,ACC0028,2026-01-20 13:38:36,40.55,Pharmacy,0,normal
TX002448,ACC0012,MRC0010,2026-01-20 13:42:31,69.55,Pharmacy,0,normal
TX002449,ACC0030,ACC0050,2026-01-20 13:45:30,176.44,Grocery,0,normal
TX002450,ACC0031,MRC0013,2026-01-20 13:52:38,24.42,Grocery,0,normal
TX002451,ACC0022,MRC0031,2026-01-20 13:55:28,64.13,Utilities,0,normal
TX002452,ACC0026,MRC0000,2026-01-20 13:57:13,260.75,Pharmacy,0,normal
TX002453,ACC0016,MRC0030,2026-01-20 13:59:05,45.98,Grocery,0,normal
TX002454,ACC0053,MRC0002,2026-01-20 14:09:49,125.82,Utilities,0,normal
TX002455,ACC0056,MRC0010,2026-01-20 14:25:06,22.63,Online Shop,0,normal
TX002456,ACC0001,MRC0038,2026-01-20 14:25:08,105.79,Online Shop,0,normal
TX002457,ACC0043,MRC0036,2026-01-20 14:49:10,88.01,Restaurant,0,normal
TX002458,ACC0040,MRC0030,2026-01-20 14:53:07,51.13,Utilities,0,normal
TX002459,ACC0012,MRC0002,2026-01-20 14:54:10,85.89,Online Shop,0,normal
TX002460,ACC0038,MRC0035,2026-01-20 15:07:38,30.52,Transport,0,normal
TX002461,ACC0052,MRC0024,2026-01-20 15:18:12,57.85,Transport,0,normal
TX002462,ACC0025,MRC0016,2026-01-20 15:21:50,125.11,Utilities,0,normal
TX002463,ACC0023,ACC0004,2026-01-20 15:29:31,139.77,Online Shop,0,normal
TX002464,ACC0017,MRC0039,2026-01-20 15:32:43,111.68,Pharmacy,0,normal
TX002465,ACC0053,MRC0004,2026-01-20 15:33:14,46.87,Fuel,0,normal
TX002466,ACC0003,MRC0016,2026-01-20 15:35:36,28.99,Grocery,0,normal
TX002467,ACC0055,ACC0033,2026-01-20 15:41:23,48.53,Transport,0,normal
TX002468,ACC0016,MRC0013,2026-01-20 15:46:54,80.32,Pharmacy,0,normal
TX002469,ACC0048,MRC0001,2026-01-20 15:50:56,93.41,Online Shop,0,normal
TX002470,ACC0057,MRC0000,2026-01-20 16:01:56,82.27,Restaurant,0,normal
TX002471,ACC0059,MRC0019,2026-01-20 16:02:20,134.97,Grocery,0,normal
TX002472,ACC0011,MRC0001,2026-01-20 16:10:40,127.14,Fuel,0,normal
TX002473,ACC0004,MRC0035,2026-01-20 16:19:58,37.82,Pharmacy,0,normal
TX002474,ACC0025,MRC0034,2026-01-20 16:36:56,69.84,Grocery,0,normal
TX002475,ACC0012,MRC0005,2026-01-20 16:37:25,49.8,Fuel,0,normal
TX002476,ACC0057,MRC0017,2026-01-20 16:41:18,49.84,Restaurant,0,normal
TX002477,ACC0060,MRC0038,2026-01-20 16:53:05,293.96,Pharmacy,0,normal
TX002478,ACC0029,MRC0028,2026-01-20 16:57:57,123.88,Grocery,0,normal
TX002479,ACC0058,MRC0025,2026-01-20 17:03:58,69.36,Restaurant,0,normal
TX002480,ACC0008,ACC0001,2026-01-20 17:12:40,82.16,Online Shop,0,normal
TX002481,ACC0045,MRC0036,2026-01-20 17:19:50,80.61,Fuel,0,normal
TX002482,ACC0008,MRC0025,2026-01-20 17:22:00,175.27,Online Shop,0,normal
TX002483,ACC0020,MRC0023,2026-01-20 17:30:38,105.06,Transport,0,normal
TX002484,ACC0046,MRC0037,2026-01-20 17:36:00,44.73,Grocery,0,normal
TX002485,ACC0005,MRC0031,2026-01-20 17:55:57,281.87,Restaurant,0,normal
TX002486,ACC0002,MRC0005,2026-01-20 18:09:08,105.56,Restaurant,0,normal
TX002487,ACC0023,MRC0011,2026-01-20 18:12:04,150.81,Transport,0,normal
TX002488,ACC0050,MRC0018,2026-01-20 18:22:09,78.59,Utilities,0,normal
TX002489,ACC0022,MRC0031,2026-01-20 18:25:04,122.67,Utilities,0,normal
TX002490,ACC0005,MRC0004,2026-01-20 18:28:13,189.96,Grocery,0,normal
TX002491,ACC0060,ACC0053,2026-01-20 18:38:00,5609.14,Transfer,1,ring
TX002492,ACC0008,ACC0001,2026-01-20 18:43:54,127.03,Restaurant,0,normal
TX002493,ACC0053,ACC0018,2026-01-20 19:18:00,5496.96,Transfer,1,ring
TX002494,ACC0001,MRC0034,2026-01-20 19:31:17,175.54,Grocery,0,normal
TX002495,ACC0018,ACC0060,2026-01-20 19:58:00,5387.02,Transfer,1,ring
TX002496,ACC0040,MRC0009,2026-01-20 20:42:03,41.65,Utilities,0,normal
TX002497,ACC0049,MRC0010,2026-01-20 20:42:03,116.55,Fuel,0,normal
TX002498,ACC0047,MRC0036,2026-01-20 20:43:19,66.35,Grocery,0,normal
TX002499,ACC0059,MRC0019,2026-01-20 21:10:23,264.14,Fuel,0,normal
TX002500,ACC0032,MRC0024,2026-01-20 21:28:22,113.06,Fuel,0,normal
TX002501,ACC0025,MRC0016,2026-01-20 21:58:18,149.56,Utilities,0,normal
TX002502,ACC0057,MRC0023,2026-01-20 21:58:53,22.87,Online Shop,0,normal
TX002503,ACC0057,MRC0011,2026-01-20 22:04:45,46.11,Online Shop,0,normal
TX002504,ACC0019,MRC0035,2026-01-20 22:06:09,95.86,Utilities,0,normal
TX002505,ACC0030,MRC0016,2026-01-20 22:42:08,271.75,Pharmacy,0,normal
TX002506,ACC0036,MRC0037,2026-01-20 22:42:17,18.0,Grocery,0,normal
TX002507,ACC0015,MRC0033,2026-01-20 22:47:26,66.18,Pharmacy,0,normal
TX002508,ACC0021,MRC0034,2026-01-21 07:13:04,47.87,Fuel,0,normal
TX002509,ACC0053,MRC0004,2026-01-21 07:14:57,96.48,Utilities,0,normal
TX002510,ACC0056,MRC0024,2026-01-21 07:21:52,30.44,Transport,0,normal
TX002511,ACC0042,MRC0030,2026-01-21 07:23:20,49.54,Pharmacy,0,normal
TX002512,ACC0052,MRC0013,2026-01-21 07:44:57,50.39,Utilities,0,normal
TX002513,ACC0028,ACC0011,2026-01-21 07:54:50,108.7,Utilities,0,normal
TX002514,ACC0028,ACC0060,2026-01-21 08:09:01,89.94,Restaurant,0,normal
TX002515,ACC0021,MRC0014,2026-01-21 08:55:16,192.03,Fuel,0,normal
TX002516,ACC0018,MRC0038,2026-01-21 08:59:03,170.21,Fuel,0,normal
TX002517,ACC0026,MRC0007,2026-01-21 09:38:12,80.43,Pharmacy,0,normal
TX002518,ACC0019,MRC0022,2026-01-21 09:44:28,253.33,Utilities,0,normal
TX002519,ACC0014,MRC0004,2026-01-21 09:59:33,184.81,Restaurant,0,normal
TX002520,ACC0029,MRC0038,2026-01-21 10:10:08,142.75,Transport,0,normal
TX002521,ACC0023,MRC0004,2026-01-21 10:23:56,103.86,Fuel,0,normal
TX002522,ACC0045,MRC0026,2026-01-21 10:25:42,108.6,Utilities,0,normal
TX002523,ACC0059,MRC0019,2026-01-21 10:48:20,144.48,Fuel,0,normal
TX002524,ACC0030,MRC0016,2026-01-21 10:55:16,90.83,Online Shop,0,normal
TX002525,ACC0032,MRC0014,2026-01-21 11:05:04,134.49,Pharmacy,0,normal
TX002526,ACC0034,MRC0037,2026-01-21 11:34:25,50.2,Grocery,0,normal
TX002527,ACC0012,MRC0002,2026-01-21 11:52:10,130.65,Pharmacy,0,normal
TX002528,ACC0042,MRC0029,2026-01-21 11:54:33,122.63,Transport,0,normal
TX002529,ACC0023,MRC0004,2026-01-21 12:06:07,111.98,Grocery,0,normal
TX002530,ACC0053,MRC0004,2026-01-21 12:28:39,59.65,Transport,0,normal
TX002531,ACC0024,MRC0018,2026-01-21 12:33:58,179.1,Restaurant,0,normal
TX002532,ACC0023,MRC0004,2026-01-21 12:34:51,120.32,Utilities,0,normal
TX002533,ACC0043,MRC0028,2026-01-21 12:37:07,43.58,Pharmacy,0,normal
TX002534,ACC0021,MRC0011,2026-01-21 12:37:28,79.06,Fuel,0,normal
TX002535,ACC0047,MRC0027,2026-01-21 12:38:47,29.99,Utilities,0,normal
TX002536,ACC0023,MRC0011,2026-01-21 12:41:20,143.68,Grocery,0,normal
TX002537,ACC0046,MRC0005,2026-01-21 12:45:53,17.62,Fuel,0,normal
TX002538,ACC0001,MRC0034,2026-01-21 12:45:58,109.66,Online Shop,0,normal
TX002539,ACC0040,MRC0009,2026-01-21 12:48:04,25.03,Grocery,0,normal
TX002540,ACC0011,MRC0001,2026-01-21 12:51:43,79.42,Pharmacy,0,normal
TX002541,ACC0010,MRC0036,2026-01-21 12:56:56,200.71,Fuel,0,normal
TX002542,ACC0007,MRC0037,2026-01-21 12:58:29,24.0,Transport,0,normal
TX002543,ACC0027,MRC0026,2026-01-21 12:59:43,285.03,Utilities,0,normal
TX002544,ACC0030,MRC0038,2026-01-21 13:03:48,157.72,Online Shop,0,normal
TX002545,ACC0054,ACC0019,2026-01-21 13:05:40,187.01,Transport,0,normal
TX002546,ACC0030,MRC0030,2026-01-21 13:05:53,145.25,Restaurant,0,normal
TX002547,ACC0053,MRC0022,2026-01-21 13:08:54,82.59,Restaurant,0,normal
TX002548,ACC0046,MRC0005,2026-01-21 13:25:32,44.56,Restaurant,0,normal
TX002549,ACC0009,ACC0042,2026-01-21 13:32:50,22.93,Online Shop,0,normal
TX002550,ACC0059,MRC0011,2026-01-21 13:34:38,174.76,Online Shop,0,normal
TX002551,ACC0041,MRC0012,2026-01-21 13:35:13,116.42,Restaurant,0,normal
TX002552,ACC0002,MRC0005,2026-01-21 13:36:03,63.05,Utilities,0,normal
TX002553,ACC0053,MRC0022,2026-01-21 13:42:56,113.16,Utilities,0,normal
TX002554,ACC0022,MRC0023,2026-01-21 14:00:34,149.76,Pharmacy,0,normal
TX002555,ACC0052,MRC0007,2026-01-21 14:00:42,44.85,Utilities,0,normal
TX002556,ACC0013,MRC0012,2026-01-21 14:04:57,91.02,Transport,0,normal
TX002557,ACC0041,MRC0026,2026-01-21 14:10:52,181.2,Transport,0,normal
TX002558,ACC0043,MRC0028,2026-01-21 14:16:20,49.99,Online Shop,0,normal
TX002559,ACC0016,MRC0030,2026-01-21 14:20:32,125.3,Online Shop,0,normal
TX002560,ACC0041,MRC0023,2026-01-21 14:21:00,161.61,Restaurant,0,normal
TX002561,ACC0008,MRC0025,2026-01-21 14:26:39,63.25,Grocery,0,normal
TX002562,ACC0028,MRC0033,2026-01-21 14:30:08,123.66,Grocery,0,normal
TX002563,ACC0041,MRC0036,2026-01-21 14:34:55,272.06,Transport,0,normal
TX002564,ACC0042,MRC0033,2026-01-21 14:35:17,215.66,Utilities,0,normal
TX002565,ACC0022,MRC0028,2026-01-21 14:46:54,146.05,Fuel,0,normal
TX002566,ACC0048,MRC0015,2026-01-21 14:57:50,151.34,Transport,0,normal
TX002567,ACC0058,MRC0032,2026-01-21 14:58:43,19.14,Pharmacy,0,normal
TX002568,ACC0048,MRC0001,2026-01-21 15:18:01,81.2,Transport,0,normal
TX002569,ACC0037,MRC0013,2026-01-21 15:19:39,41.9,Transport,0,normal
TX002570,ACC0060,MRC0038,2026-01-21 15:21:05,182.45,Grocery,0,normal
TX002571,ACC0014,ACC0002,2026-01-21 15:24:27,239.79,Pharmacy,0,normal
TX002572,ACC0007,MRC0016,2026-01-21 15:30:21,20.35,Online Shop,0,normal
TX002573,ACC0003,MRC0037,2026-01-21 15:35:02,23.44,Transport,0,normal
TX002574,ACC0001,MRC0016,2026-01-21 15:38:03,181.65,Pharmacy,0,normal
TX002575,ACC0003,MRC0037,2026-01-21 15:47:30,25.62,Grocery,0,normal
TX002576,ACC0028,MRC0020,2026-01-21 15:49:10,106.08,Utilities,0,normal
TX002577,ACC0004,MRC0021,2026-01-21 15:59:59,59.01,Fuel,0,normal
TX002578,ACC0022,MRC0023,2026-01-21 16:01:17,80.42,Online Shop,0,normal
TX002579,ACC0033,MRC0014,2026-01-21 16:06:17,213.44,Transport,0,normal
TX002580,ACC0055,MRC0008,2026-01-21 16:19:49,26.82,Transport,0,normal
TX002581,ACC0018,MRC0036,2026-01-21 16:21:24,269.49,Pharmacy,0,normal
TX002582,ACC0024,MRC0018,2026-01-21 16:23:11,92.42,Restaurant,0,normal
TX002583,ACC0048,MRC0015,2026-01-21 16:23:21,192.77,Pharmacy,0,normal
TX002584,ACC0043,MRC0036,2026-01-21 16:23:48,60.93,Grocery,0,normal
TX002585,ACC0035,MRC0014,2026-01-21 16:27:28,176.83,Online Shop,0,normal
TX002586,ACC0009,MRC0008,2026-01-21 16:31:31,56.89,Online Shop,0,normal
TX002587,ACC0025,ACC0014,2026-01-21 16:35:38,167.84,Fuel,0,normal
TX002588,ACC0055,MRC0008,2026-01-21 16:38:30,62.06,Grocery,0,normal
TX002589,ACC0006,MRC0004,2026-01-21 16:49:56,87.45,Transport,0,normal
TX002590,ACC0040,MRC0009,2026-01-21 17:02:29,71.55,Pharmacy,0,normal
TX002591,ACC0059,MRC0035,2026-01-21 17:02:58,177.64,Fuel,0,normal
TX002592,ACC0056,MRC0013,2026-01-21 17:09:32,27.02,Transport,0,normal
TX002593,ACC0018,MRC0038,2026-01-21 17:11:01,102.47,Online Shop,0,normal
TX002594,ACC0030,MRC0038,2026-01-21 17:15:43,214.19,Pharmacy,0,normal
TX002595,ACC0056,MRC0010,2026-01-21 17:28:06,15.11,Grocery,0,normal
TX002596,ACC0048,ACC0045,2026-01-21 17:29:55,310.84,Transport,0,normal
TX002597,ACC0024,MRC0034,2026-01-21 17:33:49,81.33,Pharmacy,0,normal
TX002598,ACC0045,MRC0026,2026-01-21 18:32:39,50.8,Online Shop,0,normal
TX002599,ACC0019,MRC0005,2026-01-21 18:34:00,213.3,Utilities,0,normal
TX002600,ACC0018,ACC0038,2026-01-21 19:07:27,139.99,Grocery,0,normal
TX002601,ACC0011,MRC0035,2026-01-21 19:21:09,197.99,Transport,0,normal
TX002602,ACC0051,MRC0028,2026-01-21 19:26:57,67.68,Grocery,0,normal
TX002603,ACC0037,ACC0054,2026-01-21 19:31:00,450.19,Transfer,1,fan_out
TX002604,ACC0024,MRC0028,2026-01-21 19:32:46,61.22,Online Shop,0,normal
TX002605,ACC0041,MRC0023,2026-01-21 19:34:31,352.1,Utilities,0,normal
TX002606,ACC0037,ACC0055,2026-01-21 19:35:00,844.2,Transfer,1,fan_out
TX002607,ACC0037,ACC0040,2026-01-21 19:39:00,372.07,Transfer,1,fan_out
TX002608,ACC0037,ACC0017,2026-01-21 19:43:00,890.36,Transfer,1,fan_out
TX002609,ACC0037,ACC0018,2026-01-21 19:47:00,800.01,Transfer,1,fan_out
TX002610,ACC0037,ACC0002,2026-01-21 19:51:00,369.74,Transfer,1,fan_out
TX002611,ACC0037,ACC0033,2026-01-21 19:55:00,351.63,Transfer,1,fan_out
TX002612,ACC0037,MRC0034,2026-01-21 19:57:07,59.8,Fuel,0,normal
TX002613,ACC0057,MRC0011,2026-01-21 19:58:09,48.75,Restaurant,0,normal
TX002614,ACC0042,MRC0022,2026-01-21 19:58:49,123.49,Pharmacy,0,normal
TX002615,ACC0037,ACC0013,2026-01-21 19:59:00,782.06,Transfer,1,fan_out
TX002616,ACC0037,ACC0047,2026-01-21 20:03:00,346.84,Transfer,1,fan_out
TX002617,ACC0037,ACC0023,2026-01-21 20:07:00,457.31,Transfer,1,fan_out
TX002618,ACC0057,MRC0023,2026-01-21 20:38:49,60.59,Pharmacy,0,normal
TX002619,ACC0010,MRC0016,2026-01-21 20:47:12,186.87,Pharmacy,0,normal
TX002620,ACC0033,MRC0014,2026-01-21 21:14:03,352.73,Grocery,0,normal
TX002621,ACC0048,MRC0012,2026-01-21 21:18:45,110.45,Restaurant,0,normal
TX002622,ACC0051,MRC0038,2026-01-21 21:30:21,51.39,Restaurant,0,normal
TX002623,ACC0012,MRC0002,2026-01-21 22:05:43,63.98,Fuel,0,normal
TX002624,ACC0010,MRC0036,2026-01-21 22:08:36,161.97,Online Shop,0,normal
TX002625,ACC0056,MRC0013,2026-01-21 22:28:28,19.38,Fuel,0,normal
TX002626,ACC0048,ACC0031,2026-01-21 22:39:45,242.86,Transport,0,normal
TX002627,ACC0059,MRC0019,2026-01-22 07:08:40,118.01,Grocery,0,normal
TX002628,ACC0034,MRC0023,2026-01-22 07:15:14,77.46,Fuel,0,normal
TX002629,ACC0047,MRC0036,2026-01-22 07:18:06,37.43,Grocery,0,normal
TX002630,ACC0002,MRC0035,2026-01-22 07:18:54,26.6,Restaurant,0,normal
TX002631,ACC0004,MRC0020,2026-01-22 07:23:16,41.04,Restaurant,0,normal
TX002632,ACC0004,MRC0035,2026-01-22 07:27:24,56.78,Transport,0,normal
TX002633,ACC0041,MRC0036,2026-01-22 07:30:44,298.8,Online Shop,0,normal
TX002634,ACC0028,ACC0011,2026-01-22 07:32:10,167.67,Restaurant,0,normal
TX002635,ACC0055,MRC0001,2026-01-22 07:42:46,49.07,Fuel,0,normal
TX002636,ACC0028,MRC0010,2026-01-22 07:57:13,200.16,Online Shop,0,normal
TX002637,ACC0026,ACC0024,2026-01-22 08:02:49,168.02,Grocery,0,normal
TX002638,ACC0035,MRC0037,2026-01-22 08:17:40,94.52,Grocery,0,normal
TX002639,ACC0031,MRC0000,2026-01-22 08:28:44,45.5,Pharmacy,0,normal
TX002640,ACC0024,MRC0034,2026-01-22 08:51:07,61.8,Transport,0,normal
TX002641,ACC0045,MRC0001,2026-01-22 08:55:18,151.72,Fuel,0,normal
TX002642,ACC0054,MRC0039,2026-01-22 09:36:15,118.87,Online Shop,0,normal
TX002643,ACC0018,MRC0000,2026-01-22 10:03:06,231.71,Pharmacy,0,normal
TX002644,ACC0015,MRC0005,2026-01-22 10:03:17,134.24,Utilities,0,normal
TX002645,ACC0030,MRC0030,2026-01-22 10:14:27,196.33,Grocery,0,normal
TX002646,ACC0015,MRC0022,2026-01-22 10:24:34,66.84,Grocery,0,normal
TX002647,ACC0003,ACC0042,2026-01-22 10:31:00,560.82,Transfer,1,fan_in
TX002648,ACC0041,ACC0042,2026-01-22 10:35:00,645.64,Transfer,1,fan_in
TX002649,ACC0042,MRC0030,2026-01-22 10:38:22,72.79,Online Shop,0,normal
TX002650,ACC0057,ACC0042,2026-01-22 10:39:00,851.55,Transfer,1,fan_in
TX002651,ACC0007,MRC0013,2026-01-22 10:41:05,19.25,Online Shop,0,normal
TX002652,ACC0002,ACC0042,2026-01-22 10:43:00,589.91,Transfer,1,fan_in
TX002653,ACC0009,ACC0042,2026-01-22 10:47:00,768.67,Transfer,1,fan_in
TX002654,ACC0042,MRC0030,2026-01-22 10:50:16,80.96,Restaurant,0,normal
TX002655,ACC0049,ACC0042,2026-01-22 10:51:00,629.19,Transfer,1,fan_in
TX002656,ACC0033,MRC0014,2026-01-22 10:52:59,125.22,Pharmacy,0,normal
TX002657,ACC0033,ACC0042,2026-01-22 10:55:00,682.32,Transfer,1,fan_in
TX002658,ACC0016,ACC0042,2026-01-22 10:59:00,859.5,Transfer,1,fan_in
TX002659,ACC0054,MRC0023,2026-01-22 11:11:41,92.8,Utilities,0,normal
TX002660,ACC0017,MRC0032,2026-01-22 11:22:03,161.6,Utilities,0,normal
TX002661,ACC0018,MRC0038,2026-01-22 11:22:03,184.8,Utilities,0,normal
TX002662,ACC0026,MRC0003,2026-01-22 11:26:09,69.07,Utilities,0,normal
TX002663,ACC0007,MRC0013,2026-01-22 11:28:09,34.82,Transport,0,normal
TX002664,ACC0004,MRC0021,2026-01-22 11:32:52,48.54,Transport,0,normal
TX002665,ACC0023,MRC0011,2026-01-22 11:40:50,145.6,Utilities,0,normal
TX002666,ACC0026,MRC0000,2026-01-22 12:12:45,70.12,Grocery,0,normal
TX002667,ACC0034,MRC0018,2026-01-22 12:16:04,26.94,Grocery,0,normal
TX002668,ACC0019,MRC0022,2026-01-22 12:19:50,132.69,Fuel,0,normal
TX002669,ACC0023,MRC0020,2026-01-22 12:27:00,57.13,Online Shop,1,repeated
TX002670,ACC0028,MRC0020,2026-01-22 12:27:46,99.61,Grocery,0,normal
TX002671,ACC0031,MRC0013,2026-01-22 12:28:19,52.9,Grocery,0,normal
TX002672,ACC0023,MRC0020,2026-01-22 12:29:00,57.13,Online Shop,1,repeated
TX002673,ACC0023,MRC0020,2026-01-22 12:31:00,57.13,Online Shop,1,repeated
TX002674,ACC0004,MRC0020,2026-01-22 12:31:02,53.88,Utilities,0,normal
TX002675,ACC0023,MRC0020,2026-01-22 12:33:00,57.13,Online Shop,1,repeated
TX002676,ACC0023,MRC0020,2026-01-22 12:35:00,57.13,Online Shop,1,repeated
TX002677,ACC0041,MRC0023,2026-01-22 12:46:52,252.11,Utilities,0,normal
TX002678,ACC0036,MRC0031,2026-01-22 12:47:03,25.31,Fuel,0,normal
TX002679,ACC0060,MRC0038,2026-01-22 12:49:08,293.66,Transport,0,normal
TX002680,ACC0009,MRC0008,2026-01-22 13:00:27,31.7,Fuel,0,normal
TX002681,ACC0060,MRC0038,2026-01-22 13:01:16,200.93,Restaurant,0,normal
TX002682,ACC0012,MRC0014,2026-01-22 13:06:22,94.6,Online Shop,0,normal
TX002683,ACC0050,MRC0011,2026-01-22 13:10:16,97.98,Transport,0,normal
TX002684,ACC0026,MRC0007,2026-01-22 13:13:14,101.59,Grocery,0,normal
TX002685,ACC0020,MRC0009,2026-01-22 13:14:50,159.28,Restaurant,0,normal
TX002686,ACC0054,MRC0039,2026-01-22 13:15:12,100.16,Online Shop,0,normal
TX002687,ACC0036,MRC0031,2026-01-22 13:20:04,26.78,Transport,0,normal
TX002688,ACC0052,MRC0024,2026-01-22 13:24:24,39.99,Transport,0,normal
TX002689,ACC0058,MRC0032,2026-01-22 13:33:40,41.15,Utilities,0,normal
TX002690,ACC0055,MRC0037,2026-01-22 13:35:07,28.8,Restaurant,0,normal
TX002691,ACC0036,ACC0031,2026-01-22 13:35:08,26.46,Utilities,0,normal
TX002692,ACC0037,MRC0019,2026-01-22 13:35:50,86.05,Online Shop,0,normal
TX002693,ACC0049,MRC0010,2026-01-22 13:35:53,37.86,Grocery,0,normal
TX002694,ACC0021,MRC0011,2026-01-22 13:36:25,152.64,Online Shop,0,normal
TX002695,ACC0047,ACC0021,2026-01-22 13:42:21,108.08,Fuel,0,normal
TX002696,ACC0014,MRC0000,2026-01-22 13:43:35,221.62,Pharmacy,0,normal
TX002697,ACC0017,MRC0039,2026-01-22 13:51:47,266.38,Pharmacy,0,normal
TX002698,ACC0032,MRC0016,2026-01-22 13:52:23,417.04,Online Shop,0,normal
TX002699,ACC0029,MRC0038,2026-01-22 13:58:13,121.81,Transport,0,normal
TX002700,ACC0022,MRC0023,2026-01-22 14:01:16,96.56,Utilities,0,normal
TX002701,ACC0011,MRC0035,2026-01-22 14:04:54,229.81,Transport,0,normal
TX002702,ACC0041,MRC0023,2026-01-22 14:22:07,72.43,Grocery,0,normal
TX002703,ACC0060,MRC0038,2026-01-22 14:24:51,240.96,Transport,0,normal
TX002704,ACC0028,MRC0020,2026-01-22 14:32:38,307.47,Utilities,0,normal
TX002705,ACC0033,MRC0004,2026-01-22 14:48:55,199.27,Pharmacy,0,normal
TX002706,ACC0038,MRC0022,2026-01-22 14:52:10,71.61,Pharmacy,0,normal
TX002707,ACC0026,MRC0032,2026-01-22 14:53:05,31.0,Transport,0,normal
TX002708,ACC0034,MRC0037,2026-01-22 14:53:10,47.16,Fuel,0,normal
TX002709,ACC0020,MRC0009,2026-01-22 14:53:49,192.64,Online Shop,0,normal
TX002710,ACC0004,ACC0037,2026-01-22 14:58:26,45.71,Pharmacy,0,normal
TX002711,ACC0001,MRC0034,2026-01-22 15:05:43,220.6,Online Shop,0,normal
TX002712,ACC0060,MRC0038,2026-01-22 15:06:12,71.8,Transport,0,normal
TX002713,ACC0034,ACC0015,2026-01-22 15:19:31,38.05,Transport,0,normal
TX002714,ACC0050,MRC0029,2026-01-22 15:21:48,34.3,Fuel,0,normal
TX002715,ACC0019,ACC0003,2026-01-22 15:22:50,141.08,Online Shop,0,normal
TX002716,ACC0049,MRC0010,2026-01-22 15:25:45,91.96,Utilities,0,normal
TX002717,ACC0056,ACC0028,2026-01-22 15:27:24,14.98,Pharmacy,0,normal
TX002718,ACC0012,MRC0005,2026-01-22 15:30:14,109.51,Restaurant,0,normal
TX002719,ACC0038,MRC0008,2026-01-22 15:35:13,92.28,Grocery,0,normal
TX002720,ACC0030,MRC0016,2026-01-22 15:39:11,277.24,Fuel,0,normal
TX002721,ACC0039,MRC0004,2026-01-22 15:45:14,82.68,Pharmacy,0,normal
TX002722,ACC0032,MRC0014,2026-01-22 15:51:53,657.97,Grocery,0,normal
TX002723,ACC0003,MRC0016,2026-01-22 15:56:34,19.57,Transport,0,normal
TX002724,ACC0008,MRC0024,2026-01-22 16:17:02,119.82,Online Shop,0,normal
TX002725,ACC0039,MRC0004,2026-01-22 16:17:09,112.58,Utilities,0,normal
TX002726,ACC0033,ACC0012,2026-01-22 16:19:00,7810.63,Transfer,1,ring
TX002727,ACC0058,MRC0032,2026-01-22 16:19:13,55.03,Pharmacy,0,normal
TX002728,ACC0013,ACC0044,2026-01-22 16:31:33,63.29,Pharmacy,0,normal
TX002729,ACC0017,MRC0039,2026-01-22 16:37:08,113.53,Restaurant,0,normal
TX002730,ACC0011,MRC0022,2026-01-22 16:48:56,127.06,Pharmacy,0,normal
TX002731,ACC0022,ACC0050,2026-01-22 16:53:25,60.75,Online Shop,0,normal
TX002732,ACC0012,ACC0049,2026-01-22 16:59:00,7654.42,Transfer,1,ring
TX002733,ACC0009,MRC0008,2026-01-22 17:05:24,47.02,Grocery,0,normal
TX002734,ACC0010,MRC0016,2026-01-22 17:08:08,178.62,Fuel,0,normal
TX002735,ACC0002,MRC0003,2026-01-22 17:09:55,33.91,Online Shop,0,normal
TX002736,ACC0009,MRC0008,2026-01-22 17:19:00,84.75,Online Shop,0,normal
TX002737,ACC0031,MRC0013,2026-01-22 17:19:46,45.57,Utilities,0,normal
TX002738,ACC0030,ACC0055,2026-01-22 17:32:00,456.31,Transfer,1,fan_in
TX002739,ACC0009,ACC0055,2026-01-22 17:36:00,498.22,Transfer,1,fan_in
TX002740,ACC0042,MRC0030,2026-01-22 17:36:10,143.81,Restaurant,0,normal
TX002741,ACC0015,MRC0022,2026-01-22 17:37:33,69.22,Restaurant,0,normal
TX002742,ACC0049,ACC0033,2026-01-22 17:39:00,7501.33,Transfer,1,ring
TX002743,ACC0046,ACC0055,2026-01-22 17:40:00,887.27,Transfer,1,fan_in
TX002744,ACC0024,ACC0036,2026-01-22 17:41:11,97.67,Pharmacy,0,normal
TX002745,ACC0040,ACC0055,2026-01-22 17:44:00,535.27,Transfer,1,fan_in
TX002746,ACC0047,ACC0055,2026-01-22 17:48:00,707.64,Transfer,1,fan_in
TX002747,ACC0013,MRC0015,2026-01-22 17:49:39,153.95,Pharmacy,0,normal
TX002748,ACC0032,ACC0055,2026-01-22 17:52:00,640.26,Transfer,1,fan_in
TX002749,ACC0033,ACC0055,2026-01-22 17:56:00,833.88,Transfer,1,fan_in
TX002750,ACC0004,ACC0055,2026-01-22 18:00:00,754.61,Transfer,1,fan_in
TX002751,ACC0043,ACC0055,2026-01-22 18:04:00,348.39,Transfer,1,fan_in
TX002752,ACC0045,ACC0055,2026-01-22 18:08:00,513.27,Transfer,1,fan_in
TX002753,ACC0020,ACC0055,2026-01-22 18:12:00,727.15,Transfer,1,fan_in
TX002754,ACC0060,MRC0035,2026-01-22 18:14:36,121.78,Fuel,0,normal
TX002755,ACC0033,ACC0026,2026-01-22 18:18:18,197.08,Transport,0,normal
TX002756,ACC0038,MRC0022,2026-01-22 18:18:27,254.66,Pharmacy,0,normal
TX002757,ACC0048,MRC0012,2026-01-22 18:29:32,107.88,Utilities,0,normal
TX002758,ACC0029,ACC0050,2026-01-22 18:33:12,126.7,Restaurant,0,normal
TX002759,ACC0009,MRC0003,2026-01-22 18:38:01,37.15,Restaurant,0,normal
TX002760,ACC0025,MRC0034,2026-01-22 18:43:43,83.89,Grocery,0,normal
TX002761,ACC0026,ACC0050,2026-01-22 18:48:38,164.79,Utilities,0,normal
TX002762,ACC0031,MRC0000,2026-01-22 18:49:15,54.12,Pharmacy,0,normal
TX002763,ACC0052,MRC0020,2026-01-22 18:59:23,25.51,Grocery,0,normal
TX002764,ACC0056,MRC0013,2026-01-22 19:09:37,40.54,Grocery,0,normal
TX002765,ACC0023,ACC0004,2026-01-22 19:25:12,194.77,Fuel,0,normal
TX002766,ACC0042,ACC0060,2026-01-22 19:46:00,546.79,Transfer,1,fan_out
TX002767,ACC0055,MRC0037,2026-01-22 19:49:11,39.24,Pharmacy,0,normal
TX002768,ACC0042,ACC0053,2026-01-22 19:50:00,860.95,Transfer,1,fan_out
TX002769,ACC0042,ACC0030,2026-01-22 19:54:00,702.65,Transfer,1,fan_out
TX002770,ACC0042,ACC0056,2026-01-22 19:58:00,857.46,Transfer,1,fan_out
TX002771,ACC0042,ACC0017,2026-01-22 20:02:00,883.31,Transfer,1,fan_out
TX002772,ACC0042,ACC0010,2026-01-22 20:06:00,628.2,Transfer,1,fan_out
TX002773,ACC0042,ACC0051,2026-01-22 20:10:00,665.93,Transfer,1,fan_out
TX002774,ACC0042,ACC0034,2026-01-22 20:14:00,693.82,Transfer,1,fan_out
TX002775,ACC0042,ACC0008,2026-01-22 20:18:00,803.5,Transfer,1,fan_out
TX002776,ACC0042,ACC0059,2026-01-22 20:22:00,695.44,Transfer,1,fan_out
TX002777,ACC0042,ACC0049,2026-01-22 20:26:00,368.79,Transfer,1,fan_out
TX002778,ACC0042,ACC0003,2026-01-22 20:30:00,865.46,Transfer,1,fan_out
TX002779,ACC0055,MRC0003,2026-01-22 20:43:44,45.15,Online Shop,0,normal
TX002780,ACC0020,ACC0057,2026-01-22 21:15:36,116.11,Fuel,0,normal
TX002781,ACC0032,MRC0016,2026-01-22 21:19:39,112.67,Transport,0,normal
TX002782,ACC0009,ACC0042,2026-01-22 21:36:44,28.92,Transport,0,normal
TX002783,ACC0009,MRC0003,2026-01-22 21:36:52,84.02,Fuel,0,normal
TX002784,ACC0045,MRC0001,2026-01-22 21:39:00,99.15,Utilities,0,normal
TX002785,ACC0010,MRC0016,2026-01-22 22:34:14,196.51,Transport,0,normal
TX002786,ACC0009,MRC0024,2026-01-23 07:06:34,41.55,Grocery,0,normal
TX002787,ACC0038,MRC0008,2026-01-23 07:21:39,59.21,Utilities,0,normal
TX002788,ACC0017,ACC0038,2026-01-23 07:29:01,216.44,Restaurant,0,normal
TX002789,ACC0030,ACC0054,2026-01-23 07:37:42,397.94,Online Shop,0,normal
TX002790,ACC0024,MRC0028,2026-01-23 07:45:27,33.98,Grocery,0,normal
TX002791,ACC0051,MRC0037,2026-01-23 07:55:39,69.92,Pharmacy,0,normal
TX002792,ACC0023,MRC0004,2026-01-23 07:55:52,123.24,Grocery,0,normal
TX002793,ACC0040,MRC0009,2026-01-23 07:59:27,20.98,Fuel,0,normal
TX002794,ACC0024,MRC0034,2026-01-23 08:00:47,72.4,Transport,0,normal
TX002795,ACC0052,MRC0013,2026-01-23 08:05:10,33.61,Restaurant,0,normal
TX002796,ACC0057,MRC0023,2026-01-23 08:06:58,38.51,Utilities,0,normal
TX002797,ACC0010,ACC0003,2026-01-23 08:15:49,308.82,Transport,0,normal
TX002798,ACC0016,MRC0029,2026-01-23 08:16:14,116.11,Restaurant,0,normal
TX002799,ACC0037,MRC0019,2026-01-23 08:21:31,51.73,Grocery,0,normal
TX002800,ACC0005,MRC0031,2026-01-23 08:24:00,258.43,Fuel,0,normal
TX002801,ACC0056,ACC0028,2026-01-23 08:32:18,18.1,Grocery,0,normal
TX002802,ACC0031,ACC0024,2026-01-23 08:54:05,74.52,Online Shop,0,normal
TX002803,ACC0012,MRC0014,2026-01-23 09:09:12,106.55,Online Shop,0,normal
TX002804,ACC0022,MRC0022,2026-01-23 09:09:35,170.02,Online Shop,0,normal
TX002805,ACC0014,MRC0010,2026-01-23 09:16:46,167.67,Fuel,0,normal
TX002806,ACC0036,MRC0037,2026-01-23 09:33:45,34.05,Grocery,0,normal
TX002807,ACC0009,MRC0003,2026-01-23 09:35:06,52.11,Pharmacy,0,normal
TX002808,ACC0038,MRC0035,2026-01-23 09:42:11,92.25,Grocery,0,normal
TX002809,ACC0046,MRC0013,2026-01-23 09:47:32,25.43,Grocery,0,normal
TX002810,ACC0018,MRC0036,2026-01-23 09:48:11,206.8,Fuel,0,normal
TX002811,ACC0035,MRC0031,2026-01-23 09:57:43,63.06,Fuel,0,normal
TX002812,ACC0001,MRC0024,2026-01-23 10:16:26,79.83,Online Shop,0,normal
TX002813,ACC0013,MRC0015,2026-01-23 10:23:28,51.16,Fuel,0,normal
TX002814,ACC0007,ACC0021,2026-01-23 10:31:52,34.83,Utilities,0,normal
TX002815,ACC0060,MRC0004,2026-01-23 10:41:51,290.85,Online Shop,0,normal
TX002816,ACC0002,MRC0037,2026-01-23 10:58:17,25.35,Fuel,0,normal
TX002817,ACC0015,MRC0026,2026-01-23 11:04:07,70.83,Pharmacy,0,normal
TX002818,ACC0037,MRC0019,2026-01-23 11:09:14,68.64,Pharmacy,0,normal
TX002819,ACC0003,MRC0035,2026-01-23 11:37:31,23.35,Grocery,0,normal
TX002820,ACC0050,MRC0039,2026-01-23 11:42:52,28.16,Pharmacy,0,normal
TX002821,ACC0017,MRC0034,2026-01-23 11:49:20,161.33,Grocery,0,normal
TX002822,ACC0039,MRC0006,2026-01-23 12:10:00,369.13,Restaurant,0,normal
TX002823,ACC0040,MRC0027,2026-01-23 12:13:15,57.59,Grocery,0,normal
TX002824,ACC0051,ACC0001,2026-01-23 12:16:53,67.44,Transport,0,normal
TX002825,ACC0008,MRC0025,2026-01-23 12:18:08,97.9,Transport,0,normal
TX002826,ACC0027,MRC0026,2026-01-23 12:18:36,94.14,Grocery,0,normal
TX002827,ACC0002,MRC0005,2026-01-23 12:24:36,18.43,Utilities,0,normal
TX002828,ACC0027,ACC0048,2026-01-23 12:31:57,97.89,Grocery,0,normal
TX002829,ACC0050,MRC0018,2026-01-23 12:34:44,58.26,Pharmacy,0,normal
TX002830,ACC0014,MRC0010,2026-01-23 12:38:30,272.86,Transport,0,normal
TX002831,ACC0038,MRC0022,2026-01-23 12:50:54,88.74,Transport,0,normal
TX002832,ACC0032,MRC0016,2026-01-23 12:54:36,255.66,Transport,0,normal
TX002833,ACC0029,MRC0038,2026-01-23 13:04:26,98.84,Utilities,0,normal
TX002834,ACC0044,MRC0001,2026-01-23 13:08:19,66.18,Pharmacy,0,normal
TX002835,ACC0048,MRC0001,2026-01-23 13:18:32,148.51,Online Shop,0,normal
TX002836,ACC0042,MRC0029,2026-01-23 13:20:41,57.98,Utilities,0,normal
TX002837,ACC0044,MRC0011,2026-01-23 13:20:52,257.06,Grocery,0,normal
TX002838,ACC0028,ACC0060,2026-01-23 13:24:50,202.4,Online Shop,0,normal
TX002839,ACC0039,MRC0024,2026-01-23 13:26:23,175.31,Transport,0,normal
TX002840,ACC0004,MRC0035,2026-01-23 13:31:49,71.58,Pharmacy,0,normal
TX002841,ACC0008,MRC0025,2026-01-23 13:40:29,96.51,Grocery,0,normal
TX002842,ACC0059,MRC0019,2026-01-23 13:40:56,115.17,Online Shop,0,normal
TX002843,ACC0044,MRC0003,2026-01-23 13:58:20,123.15,Utilities,0,normal
TX002844,ACC0044,MRC0019,2026-01-23 13:58:50,56.98,Pharmacy,0,normal
TX002845,ACC0052,MRC0020,2026-01-23 14:01:04,39.7,Restaurant,0,normal
TX002846,ACC0031,ACC0024,2026-01-23 14:11:10,84.24,Online Shop,0,normal
TX002847,ACC0021,MRC0011,2026-01-23 14:13:55,90.84,Fuel,0,normal
TX002848,ACC0007,MRC0016,2026-01-23 14:19:03,27.31,Grocery,0,normal
TX002849,ACC0003,MRC0016,2026-01-23 14:20:16,22.48,Fuel,0,normal
TX002850,ACC0042,MRC0022,2026-01-23 14:21:25,126.91,Online Shop,0,normal
TX002851,ACC0035,MRC0034,2026-01-23 14:22:26,80.14,Utilities,0,normal
TX002852,ACC0010,MRC0009,2026-01-23 14:24:51,190.52,Utilities,0,normal
TX002853,ACC0006,MRC0012,2026-01-23 14:30:20,82.41,Utilities,0,normal
TX002854,ACC0042,MRC0022,2026-01-23 14:33:26,103.83,Transport,0,normal
TX002855,ACC0053,MRC0039,2026-01-23 14:39:34,215.26,Online Shop,0,normal
TX002856,ACC0054,MRC0010,2026-01-23 14:47:39,144.53,Grocery,0,normal
TX002857,ACC0035,MRC0014,2026-01-23 14:48:37,80.0,Pharmacy,0,normal
TX002858,ACC0050,MRC0029,2026-01-23 14:53:45,86.82,Online Shop,0,normal
TX002859,ACC0026,MRC0000,2026-01-23 15:04:11,127.11,Online Shop,0,normal
TX002860,ACC0006,ACC0056,2026-01-23 15:06:50,182.65,Fuel,0,normal
TX002861,ACC0007,MRC0016,2026-01-23 15:15:03,32.67,Restaurant,0,normal
TX002862,ACC0007,MRC0021,2026-01-23 15:16:51,29.91,Transport,0,normal
TX002863,ACC0047,MRC0036,2026-01-23 15:19:09,70.67,Fuel,0,normal
TX002864,ACC0053,MRC0039,2026-01-23 15:19:24,77.86,Restaurant,0,normal
TX002865,ACC0059,MRC0019,2026-01-23 15:21:13,93.06,Pharmacy,0,normal
TX002866,ACC0043,MRC0028,2026-01-23 15:29:12,45.71,Utilities,0,normal
TX002867,ACC0034,ACC0015,2026-01-23 15:41:01,32.29,Fuel,0,normal
TX002868,ACC0016,MRC0030,2026-01-23 15:44:45,101.72,Utilities,0,normal
TX002869,ACC0011,MRC0001,2026-01-23 15:46:26,166.92,Utilities,0,normal
TX002870,ACC0006,MRC0004,2026-01-23 15:46:47,301.01,Transport,0,normal
TX002871,ACC0028,MRC0030,2026-01-23 15:48:14,175.4,Pharmacy,0,normal
TX002872,ACC0013,MRC0019,2026-01-23 15:50:46,65.33,Online Shop,0,normal
TX002873,ACC0043,MRC0028,2026-01-23 15:52:05,44.1,Online Shop,0,normal
TX002874,ACC0029,MRC0038,2026-01-23 16:02:57,230.33,Online Shop,0,normal
TX002875,ACC0022,MRC0031,2026-01-23 16:03:05,103.2,Grocery,0,normal
TX002876,ACC0055,MRC0008,2026-01-23 16:04:48,90.43,Transport,0,normal
TX002877,ACC0006,MRC0004,2026-01-23 16:13:06,129.29,Restaurant,0,normal
TX002878,ACC0039,MRC0024,2026-01-23 16:28:27,79.26,Restaurant,0,normal
TX002879,ACC0037,MRC0034,2026-01-23 16:31:37,76.65,Grocery,0,normal
TX002880,ACC0010,ACC0003,2026-01-23 16:38:50,147.99,Fuel,0,normal
TX002881,ACC0037,MRC0019,2026-01-23 16:39:52,83.1,Grocery,0,normal
TX002882,ACC0047,ACC0021,2026-01-23 16:46:11,59.89,Fuel,0,normal
TX002883,ACC0060,MRC0034,2026-01-23 16:49:59,126.24,Online Shop,0,normal
TX002884,ACC0025,MRC0010,2026-01-23 16:58:21,155.57,Fuel,0,normal
TX002885,ACC0011,MRC0022,2026-01-23 17:19:30,133.65,Utilities,0,normal
TX002886,ACC0030,MRC0030,2026-01-23 17:32:40,120.64,Pharmacy,0,normal
TX002887,ACC0036,MRC0018,2026-01-23 17:36:28,61.18,Fuel,0,normal
TX002888,ACC0015,MRC0033,2026-01-23 17:38:42,96.09,Online Shop,0,normal
TX002889,ACC0045,MRC0010,2026-01-23 17:38:43,44.46,Transport,0,normal
TX002890,ACC0003,MRC0016,2026-01-23 17:39:21,44.76,Restaurant,0,normal
TX002891,ACC0036,MRC0031,2026-01-23 17:41:45,16.92,Pharmacy,0,normal
TX002892,ACC0045,MRC0026,2026-01-23 17:46:01,179.52,Utilities,0,normal
TX002893,ACC0017,MRC0032,2026-01-23 17:49:28,82.93,Restaurant,0,normal
TX002894,ACC0020,MRC0023,2026-01-23 18:00:43,361.87,Pharmacy,0,normal
TX002895,ACC0057,MRC0023,2026-01-23 18:03:26,28.72,Fuel,0,normal
TX002896,ACC0041,MRC0036,2026-01-23 18:03:32,180.26,Utilities,0,normal
TX002897,ACC0015,ACC0007,2026-01-23 18:10:14,80.68,Transport,0,normal
TX002898,ACC0053,MRC0022,2026-01-23 18:11:36,211.84,Pharmacy,0,normal
TX002899,ACC0047,MRC0038,2026-01-23 18:33:04,72.75,Utilities,0,normal
TX002900,ACC0049,MRC0010,2026-01-23 18:34:08,71.28,Utilities,0,normal
TX002901,ACC0039,ACC0005,2026-01-23 19:08:54,184.75,Pharmacy,0,normal
TX002902,ACC0001,MRC0024,2026-01-23 19:10:43,111.38,Transport,0,normal
TX002903,ACC0018,MRC0003,2026-01-23 19:34:03,115.88,Grocery,0,normal
TX002904,ACC0047,MRC0031,2026-01-23 19:37:23,35.7,Fuel,0,normal
TX002905,ACC0027,MRC0026,2026-01-23 19:46:22,172.84,Grocery,0,normal
TX002906,ACC0016,MRC0013,2026-01-23 19:55:43,121.59,Online Shop,0,normal
TX002907,ACC0050,MRC0011,2026-01-23 20:07:52,99.26,Pharmacy,0,normal
TX002908,ACC0030,MRC0016,2026-01-23 20:25:02,94.05,Pharmacy,0,normal
TX002909,ACC0020,MRC0023,2026-01-23 20:39:37,132.46,Transport,0,normal
TX002910,ACC0014,MRC0010,2026-01-23 20:46:59,237.44,Fuel,0,normal
TX002911,ACC0048,ACC0031,2026-01-23 20:59:53,74.93,Pharmacy,0,normal
TX002912,ACC0006,MRC0012,2026-01-24 07:04:03,97.03,Pharmacy,0,normal
TX002913,ACC0046,MRC0005,2026-01-24 07:07:21,25.47,Grocery,0,normal
TX002914,ACC0030,MRC0005,2026-01-24 07:26:36,173.45,Fuel,0,normal
TX002915,ACC0005,MRC0004,2026-01-24 07:46:59,265.6,Transport,0,normal
TX002916,ACC0028,MRC0020,2026-01-24 07:56:13,141.59,Transport,0,normal
TX002917,ACC0028,MRC0030,2026-01-24 07:58:26,117.92,Fuel,0,normal
TX002918,ACC0060,MRC0038,2026-01-24 08:04:46,145.46,Pharmacy,0,normal
TX002919,ACC0032,MRC0016,2026-01-24 08:44:25,89.14,Grocery,0,normal
TX002920,ACC0059,MRC0035,2026-01-24 09:00:06,167.9,Transport,0,normal
TX002921,ACC0030,MRC0016,2026-01-24 09:22:15,262.95,Grocery,0,normal
TX002922,ACC0035,MRC0014,2026-01-24 09:23:32,86.58,Fuel,0,normal
TX002923,ACC0045,MRC0036,2026-01-24 09:24:06,115.35,Fuel,0,normal
TX002924,ACC0012,MRC0010,2026-01-24 09:25:51,90.35,Grocery,0,normal
TX002925,ACC0034,MRC0023,2026-01-24 09:33:37,40.87,Grocery,0,normal
TX002926,ACC0031,MRC0030,2026-01-24 09:53:23,124.48,Online Shop,0,normal
TX002927,ACC0029,MRC0038,2026-01-24 09:55:48,113.69,Fuel,0,normal
TX002928,ACC0009,MRC0024,2026-01-24 09:56:34,33.85,Restaurant,0,normal
TX002929,ACC0031,MRC0021,2026-01-24 10:04:45,94.85,Pharmacy,0,normal
TX002930,ACC0027,MRC0033,2026-01-24 10:10:25,196.42,Grocery,0,normal
TX002931,ACC0013,MRC0015,2026-01-24 10:19:13,96.92,Utilities,0,normal
TX002932,ACC0052,MRC0007,2026-01-24 10:44:32,66.55,Pharmacy,0,normal
TX002933,ACC0016,MRC0013,2026-01-24 10:51:18,149.78,Restaurant,0,normal
TX002934,ACC0054,MRC0023,2026-01-24 11:07:33,127.33,Restaurant,0,normal
TX002935,ACC0045,MRC0001,2026-01-24 11:15:00,133.11,Online Shop,0,normal
TX002936,ACC0013,MRC0019,2026-01-24 11:20:36,60.74,Pharmacy,0,normal
TX002937,ACC0058,MRC0025,2026-01-24 11:25:04,66.56,Transport,0,normal
TX002938,ACC0007,MRC0037,2026-01-24 11:31:01,35.53,Utilities,0,normal
TX002939,ACC0017,MRC0039,2026-01-24 11:34:59,189.88,Grocery,0,normal
TX002940,ACC0047,MRC0038,2026-01-24 11:37:29,63.8,Restaurant,0,normal
TX002941,ACC0045,MRC0036,2026-01-24 11:43:47,65.29,Online Shop,0,normal
TX002942,ACC0013,MRC0019,2026-01-24 11:45:17,89.94,Utilities,0,normal
TX002943,ACC0043,MRC0036,2026-01-24 11:47:12,52.49,Restaurant,0,normal
TX002944,ACC0029,MRC0028,2026-01-24 11:53:09,306.41,Restaurant,0,normal
TX002945,ACC0022,MRC0028,2026-01-24 11:54:55,66.0,Online Shop,0,normal
TX002946,ACC0015,MRC0033,2026-01-24 11:56:02,88.94,Online Shop,0,normal
TX002947,ACC0025,MRC0016,2026-01-24 12:01:37,81.44,Transport,0,normal
TX002948,ACC0012,MRC0005,2026-01-24 12:09:14,113.62,Fuel,0,normal
TX002949,ACC0044,MRC0019,2026-01-24 12:15:08,131.04,Fuel,0,normal
TX002950,ACC0037,MRC0013,2026-01-24 12:16:08,47.6,Online Shop,0,normal
TX002951,ACC0001,ACC0033,2026-01-24 12:21:28,189.27,Fuel,0,normal
TX002952,ACC0001,MRC0024,2026-01-24 12:29:30,279.74,Grocery,0,normal
TX002953,ACC0005,MRC0031,2026-01-24 12:44:15,221.72,Utilities,0,normal
TX002954,ACC0034,MRC0010,2026-01-24 12:48:59,56.2,Transport,0,normal
TX002955,ACC0003,MRC0029,2026-01-24 12:53:09,16.77,Fuel,0,normal
TX002956,ACC0034,ACC0012,2026-01-24 13:06:04,58.48,Pharmacy,0,normal
TX002957,ACC0052,MRC0020,2026-01-24 13:08:28,35.05,Pharmacy,0,normal
TX002958,ACC0004,MRC0020,2026-01-24 13:20:39,51.21,Fuel,0,normal
TX002959,ACC0014,MRC0010,2026-01-24 13:30:58,188.81,Pharmacy,0,normal
TX002960,ACC0017,MRC0029,2026-01-24 13:36:44,142.26,Transport,0,normal
TX002961,ACC0020,MRC0013,2026-01-24 13:37:17,137.21,Grocery,0,normal
TX002962,ACC0015,MRC0022,2026-01-24 13:39:41,37.29,Online Shop,0,normal
TX002963,ACC0041,MRC0026,2026-01-24 13:40:05,136.68,Restaurant,0,normal
TX002964,ACC0047,MRC0031,2026-01-24 13:41:25,45.8,Restaurant,0,normal
TX002965,ACC0017,MRC0029,2026-01-24 13:47:46,200.97,Restaurant,0,normal
TX002966,ACC0041,MRC0026,2026-01-24 13:58:29,155.24,Fuel,0,normal
TX002967,ACC0037,MRC0019,2026-01-24 14:03:46,145.04,Online Shop,0,normal
TX002968,ACC0050,MRC0018,2026-01-24 14:15:11,86.77,Transport,0,normal
TX002969,ACC0056,MRC0024,2026-01-24 14:18:08,30.5,Pharmacy,0,normal
TX002970,ACC0037,MRC0013,2026-01-24 14:19:35,91.81,Pharmacy,0,normal
TX002971,ACC0059,MRC0019,2026-01-24 14:20:29,152.14,Grocery,0,normal
TX002972,ACC0049,MRC0025,2026-01-24 14:26:34,97.98,Pharmacy,0,normal
TX002973,ACC0044,MRC0001,2026-01-24 14:34:48,227.86,Pharmacy,0,normal
TX002974,ACC0014,MRC0010,2026-01-24 14:52:06,151.99,Restaurant,0,normal
TX002975,ACC0023,MRC0004,2026-01-24 15:04:15,216.08,Online Shop,0,normal
TX002976,ACC0034,MRC0010,2026-01-24 15:15:41,71.33,Online Shop,0,normal
TX002977,ACC0054,MRC0023,2026-01-24 15:17:48,78.73,Online Shop,0,normal
TX002978,ACC0053,MRC0004,2026-01-24 15:22:53,162.61,Grocery,0,normal
TX002979,ACC0036,MRC0031,2026-01-24 15:27:41,32.0,Transport,0,normal
TX002980,ACC0005,MRC0023,2026-01-24 15:28:23,188.09,Pharmacy,0,normal
TX002981,ACC0027,MRC0039,2026-01-24 15:46:54,263.09,Restaurant,0,normal
TX002982,ACC0054,ACC0019,2026-01-24 15:58:28,158.18,Grocery,0,normal
TX002983,ACC0055,MRC0037,2026-01-24 16:07:39,63.9,Fuel,0,normal
TX002984,ACC0016,MRC0029,2026-01-24 16:11:11,67.28,Transport,0,normal
TX002985,ACC0054,MRC0039,2026-01-24 16:21:15,110.43,Pharmacy,0,normal
TX002986,ACC0001,MRC0034,2026-01-24 16:24:24,137.78,Fuel,0,normal
TX002987,ACC0001,MRC0038,2026-01-24 16:47:28,131.99,Utilities,0,normal
TX002988,ACC0044,MRC0001,2026-01-24 16:49:15,75.22,Transport,0,normal
TX002989,ACC0037,MRC0034,2026-01-24 16:56:56,88.02,Transport,0,normal
TX002990,ACC0024,MRC0034,2026-01-24 17:06:55,110.7,Grocery,0,normal
TX002991,ACC0055,MRC0008,2026-01-24 17:06:58,67.38,Pharmacy,0,normal
TX002992,ACC0059,MRC0011,2026-01-24 17:19:01,171.91,Pharmacy,0,normal
TX002993,ACC0048,MRC0027,2026-01-24 17:19:26,118.83,Pharmacy,0,normal
TX002994,ACC0026,MRC0000,2026-01-24 17:20:56,205.77,Restaurant,0,normal
TX002995,ACC0018,MRC0003,2026-01-24 17:25:13,335.33,Transport,0,normal
TX002996,ACC0025,MRC0007,2026-01-24 17:31:43,284.23,Online Shop,0,normal
TX002997,ACC0011,MRC0022,2026-01-24 17:38:12,123.98,Online Shop,0,normal
TX002998,ACC0021,MRC0011,2026-01-24 17:41:52,143.55,Transport,0,normal
TX002999,ACC0023,MRC0017,2026-01-24 17:47:17,251.51,Online Shop,0,normal
TX003000,ACC0056,MRC0024,2026-01-24 18:07:24,37.07,Transport,0,normal
TX003001,ACC0027,MRC0039,2026-01-24 18:11:12,154.09,Transport,0,normal
TX003002,ACC0057,ACC0055,2026-01-24 18:17:07,22.31,Utilities,0,normal
TX003003,ACC0047,MRC0036,2026-01-24 18:34:58,53.51,Restaurant,0,normal
TX003004,ACC0024,MRC0034,2026-01-24 18:41:58,102.92,Grocery,0,normal
TX003005,ACC0050,ACC0028,2026-01-24 18:42:29,87.32,Online Shop,0,normal
TX003006,ACC0027,MRC0033,2026-01-24 18:44:57,128.78,Grocery,0,normal
TX003007,ACC0002,ACC0024,2026-01-24 18:49:50,83.12,Fuel,0,normal
TX003008,ACC0011,MRC0001,2026-01-24 18:51:33,141.04,Transport,0,normal
TX003009,ACC0013,MRC0032,2026-01-24 19:08:28,67.24,Online Shop,0,normal
TX003010,ACC0053,MRC0002,2026-01-24 19:13:57,85.73,Utilities,0,normal
TX003011,ACC0033,MRC0038,2026-01-24 19:47:25,174.39,Restaurant,0,normal
TX003012,ACC0043,MRC0007,2026-01-24 19:55:36,72.52,Grocery,0,normal
TX003013,ACC0037,MRC0013,2026-01-24 20:01:22,55.26,Online Shop,0,normal
TX003014,ACC0033,MRC0034,2026-01-24 20:13:00,253.35,Pharmacy,0,normal
TX003015,ACC0001,MRC0024,2026-01-24 20:14:35,84.62,Grocery,0,normal
TX003016,ACC0038,MRC0008,2026-01-24 20:23:23,91.58,Fuel,0,normal
TX003017,ACC0033,MRC0038,2026-01-24 20:28:20,129.32,Fuel,0,normal
TX003018,ACC0042,MRC0022,2026-01-24 21:46:09,86.25,Transport,0,normal
TX003019,ACC0009,ACC0042,2026-01-24 22:00:29,27.68,Pharmacy,0,normal
TX003020,ACC0040,MRC0027,2026-01-24 22:05:03,35.42,Grocery,0,normal
TX003021,ACC0014,MRC0000,2026-01-24 22:22:43,145.82,Grocery,0,normal
TX003022,ACC0025,MRC0034,2026-01-24 22:26:14,123.42,Online Shop,0,normal
TX003023,ACC0052,MRC0020,2026-01-24 22:31:54,33.32,Restaurant,0,normal
TX003024,ACC0021,MRC0014,2026-01-24 22:51:08,151.46,Restaurant,0,normal
TX003025,ACC0038,MRC0016,2026-01-25 04:07:00,294.6,Online Shop,1,odd_hour
TX003026,ACC0054,MRC0023,2026-01-25 07:04:05,174.42,Fuel,0,normal
TX003027,ACC0005,MRC0031,2026-01-25 07:06:31,159.18,Fuel,0,normal
TX003028,ACC0046,MRC0015,2026-01-25 07:11:09,50.91,Pharmacy,0,normal
TX003029,ACC0048,MRC0015,2026-01-25 07:20:39,118.45,Restaurant,0,normal
TX003030,ACC0051,ACC0055,2026-01-25 07:23:47,49.22,Fuel,0,normal
TX003031,ACC0047,MRC0036,2026-01-25 07:24:33,39.51,Online Shop,0,normal
TX003032,ACC0023,ACC0004,2026-01-25 07:25:31,162.97,Fuel,0,normal
TX003033,ACC0032,ACC0042,2026-01-25 07:25:47,137.38,Online Shop,0,normal
TX003034,ACC0007,MRC0037,2026-01-25 07:31:33,51.79,Restaurant,0,normal
TX003035,ACC0002,MRC0035,2026-01-25 07:44:17,39.28,Transport,0,normal
TX003036,ACC0009,MRC0008,2026-01-25 07:48:07,52.52,Fuel,0,normal
TX003037,ACC0031,MRC0021,2026-01-25 07:51:13,57.09,Grocery,0,normal
TX003038,ACC0035,MRC0031,2026-01-25 07:59:23,109.33,Fuel,0,normal
TX003039,ACC0058,MRC0029,2026-01-25 08:25:20,43.69,Pharmacy,0,normal
TX003040,ACC0052,ACC0018,2026-01-25 08:44:54,50.16,Restaurant,0,normal
TX003041,ACC0046,MRC0037,2026-01-25 08:45:07,105.57,Fuel,0,normal
TX003042,ACC0031,MRC0013,2026-01-25 08:50:03,85.82,Pharmacy,0,normal
TX003043,ACC0019,MRC0008,2026-01-25 09:01:09,116.78,Utilities,0,normal
TX003044,ACC0049,MRC0031,2026-01-25 09:22:38,101.57,Grocery,0,normal
TX003045,ACC0038,MRC0008,2026-01-25 09:58:56,124.87,Restaurant,0,normal
TX003046,ACC0008,MRC0024,2026-01-25 10:01:28,80.36,Fuel,0,normal
TX003047,ACC0044,MRC0001,2026-01-25 10:02:41,97.36,Transport,0,normal
TX003048,ACC0010,MRC0016,2026-01-25 10:10:33,314.35,Fuel,0,normal
TX003049,ACC0040,MRC0030,2026-01-25 10:12:11,31.16,Restaurant,0,normal
TX003050,ACC0001,MRC0038,2026-01-25 10:12:57,156.74,Utilities,0,normal
TX003051,ACC0013,MRC0032,2026-01-25 10:13:42,81.02,Restaurant,0,normal
TX003052,ACC0040,MRC0009,2026-01-25 10:15:37,36.93,Fuel,0,normal
TX003053,ACC0048,MRC0001,2026-01-25 10:27:43,59.26,Pharmacy,0,normal
TX003054,ACC0049,ACC0032,2026-01-25 10:48:00,683.09,Transfer,1,fan_in
TX003055,ACC0001,ACC0032,2026-01-25 10:52:00,606.06,Transfer,1,fan_in
TX003056,ACC0033,ACC0032,2026-01-25 10:56:00,593.06,Transfer,1,fan_in
TX003057,ACC0029,ACC0032,2026-01-25 11:00:00,767.99,Transfer,1,fan_in
TX003058,ACC0050,ACC0032,2026-01-25 11:04:00,494.18,Transfer,1,fan_in
TX003059,ACC0034,MRC0010,2026-01-25 11:05:56,62.36,Online Shop,0,normal
TX003060,ACC0059,ACC0032,2026-01-25 11:08:00,356.71,Transfer,1,fan_in
TX003061,ACC0024,MRC0034,2026-01-25 11:10:29,118.94,Transport,0,normal
TX003062,ACC0003,MRC0016,2026-01-25 11:11:56,17.58,Fuel,0,normal
TX003063,ACC0045,ACC0032,2026-01-25 11:12:00,706.23,Transfer,1,fan_in
TX003064,ACC0009,ACC0032,2026-01-25 11:16:00,497.41,Transfer,1,fan_in
TX003065,ACC0019,ACC0003,2026-01-25 11:18:12,279.56,Utilities,0,normal
TX003066,ACC0044,MRC0019,2026-01-25 11:19:21,129.04,Restaurant,0,normal
TX003067,ACC0004,ACC0032,2026-01-25 11:20:00,495.36,Transfer,1,fan_in
TX003068,ACC0017,ACC0032,2026-01-25 11:24:00,572.83,Transfer,1,fan_in
TX003069,ACC0049,MRC0031,2026-01-25 11:25:10,78.81,Utilities,0,normal
TX003070,ACC0016,ACC0032,2026-01-25 11:28:00,445.64,Transfer,1,fan_in
TX003071,ACC0048,ACC0031,2026-01-25 11:29:10,100.95,Utilities,0,normal
TX003072,ACC0047,ACC0032,2026-01-25 11:32:00,853.02,Transfer,1,fan_in
TX003073,ACC0057,MRC0000,2026-01-25 11:32:14,66.78,Grocery,0,normal
TX003074,ACC0028,MRC0033,2026-01-25 11:39:26,102.97,Grocery,0,normal
TX003075,ACC0027,MRC0039,2026-01-25 11:42:13,351.32,Online Shop,0,normal
TX003076,ACC0019,MRC0022,2026-01-25 11:45:16,132.42,Fuel,0,normal
TX003077,ACC0047,ACC0053,2026-01-25 11:48:04,42.65,Transport,0,normal
TX003078,ACC0039,MRC0006,2026-01-25 11:49:00,87.67,Online Shop,0,normal
TX003079,ACC0039,MRC0005,2026-01-25 11:55:59,105.06,Grocery,0,normal
TX003080,ACC0031,MRC0021,2026-01-25 11:57:41,124.02,Online Shop,0,normal
TX003081,ACC0048,MRC0027,2026-01-25 12:14:04,84.83,Grocery,0,normal
TX003082,ACC0009,MRC0008,2026-01-25 12:16:39,55.08,Online Shop,0,normal
TX003083,ACC0054,MRC0033,2026-01-25 12:22:21,134.79,Restaurant,0,normal
TX003084,ACC0047,MRC0038,2026-01-25 12:25:44,75.54,Pharmacy,0,normal
TX003085,ACC0023,MRC0004,2026-01-25 12:27:26,181.73,Transport,0,normal
TX003086,ACC0060,MRC0004,2026-01-25 12:29:47,329.45,Restaurant,0,normal
TX003087,ACC0007,MRC0021,2026-01-25 12:30:30,19.69,Pharmacy,0,normal
TX003088,ACC0053,MRC0022,2026-01-25 12:34:27,167.22,Online Shop,0,normal
TX003089,ACC0056,MRC0013,2026-01-25 12:36:28,49.76,Grocery,0,normal
TX003090,ACC0012,MRC0002,2026-01-25 12:36:30,56.38,Fuel,0,normal
TX003091,ACC0039,ACC0008,2026-01-25 12:41:50,55.22,Restaurant,0,normal
TX003092,ACC0053,MRC0039,2026-01-25 12:43:01,150.12,Pharmacy,0,normal
TX003093,ACC0006,MRC0010,2026-01-25 12:44:02,245.65,Grocery,0,normal
TX003094,ACC0009,MRC0004,2026-01-25 12:50:31,26.45,Online Shop,0,normal
TX003095,ACC0039,MRC0024,2026-01-25 13:01:22,87.19,Fuel,0,normal
TX003096,ACC0034,MRC0023,2026-01-25 13:02:02,64.87,Utilities,0,normal
TX003097,ACC0047,MRC0031,2026-01-25 13:03:16,70.74,Pharmacy,0,normal
TX003098,ACC0045,MRC0010,2026-01-25 13:13:05,103.44,Restaurant,0,normal
TX003099,ACC0048,MRC0001,2026-01-25 13:44:08,151.41,Transport,0,normal
TX003100,ACC0008,MRC0025,2026-01-25 13:53:41,67.11,Pharmacy,0,normal
TX003101,ACC0045,MRC0010,2026-01-25 13:54:26,199.19,Restaurant,0,normal
TX003102,ACC0049,MRC0002,2026-01-25 13:54:56,125.34,Grocery,0,normal
TX003103,ACC0005,MRC0023,2026-01-25 13:55:54,119.98,Pharmacy,0,normal
TX003104,ACC0054,MRC0039,2026-01-25 13:56:34,216.67,Transport,0,normal
TX003105,ACC0046,MRC0013,2026-01-25 13:57:35,30.86,Pharmacy,0,normal
TX003106,ACC0039,ACC0005,2026-01-25 13:58:17,43.57,Restaurant,0,normal
TX003107,ACC0007,MRC0021,2026-01-25 14:04:00,37.88,Fuel,0,normal
TX003108,ACC0031,MRC0021,2026-01-25 14:11:06,62.05,Fuel,0,normal
TX003109,ACC0016,MRC0029,2026-01-25 14:35:52,87.65,Restaurant,0,normal
TX003110,ACC0051,MRC0037,2026-01-25 14:37:05,39.29,Transport,0,normal
TX003111,ACC0060,MRC0035,2026-01-25 14:46:19,210.34,Fuel,0,normal
TX003112,ACC0022,MRC0022,2026-01-25 14:47:10,73.7,Grocery,0,normal
TX003113,ACC0030,MRC0030,2026-01-25 14:52:13,175.71,Fuel,0,normal
TX003114,ACC0045,ACC0040,2026-01-25 14:57:27,76.18,Transport,0,normal
TX003115,ACC0001,MRC0034,2026-01-25 15:03:55,134.28,Utilities,0,normal
TX003116,ACC0051,MRC0028,2026-01-25 15:11:02,52.08,Online Shop,0,normal
TX003117,ACC0010,MRC0016,2026-01-25 15:11:06,136.89,Pharmacy,0,normal
TX003118,ACC0013,MRC0012,2026-01-25 15:12:19,53.92,Fuel,0,normal
TX003119,ACC0007,MRC0021,2026-01-25 15:17:28,31.98,Pharmacy,0,normal
TX003120,ACC0015,MRC0005,2026-01-25 15:17:41,43.53,Online Shop,0,normal
TX003121,ACC0003,MRC0029,2026-01-25 15:19:08,28.69,Pharmacy,0,normal
TX003122,ACC0025,MRC0016,2026-01-25 15:26:57,124.98,Grocery,0,normal
TX003123,ACC0001,MRC0024,2026-01-25 15:27:13,226.39,Grocery,0,normal
TX003124,ACC0039,MRC0004,2026-01-25 15:39:53,173.84,Pharmacy,0,normal
TX003125,ACC0033,MRC0004,2026-01-25 15:41:40,350.68,Utilities,0,normal
TX003126,ACC0028,MRC0030,2026-01-25 16:20:32,171.83,Fuel,0,normal
TX003127,ACC0048,MRC0012,2026-01-25 16:20:38,173.02,Online Shop,0,normal
TX003128,ACC0009,MRC0024,2026-01-25 16:21:38,110.73,Fuel,0,normal
TX003129,ACC0028,MRC0033,2026-01-25 16:41:24,101.65,Online Shop,0,normal
TX003130,ACC0059,MRC0031,2026-01-25 16:49:10,90.75,Utilities,0,normal
TX003131,ACC0046,MRC0037,2026-01-25 17:09:11,59.48,Fuel,0,normal
TX003132,ACC0045,ACC0040,2026-01-25 17:10:23,115.74,Online Shop,0,normal
TX003133,ACC0052,MRC0020,2026-01-25 17:11:54,39.84,Restaurant,0,normal
TX003134,ACC0038,MRC0003,2026-01-25 17:20:45,92.11,Utilities,0,normal
TX003135,ACC0046,MRC0013,2026-01-25 17:44:56,58.71,Fuel,0,normal
TX003136,ACC0024,MRC0034,2026-01-25 17:48:15,97.15,Utilities,0,normal
TX003137,ACC0036,MRC0037,2026-01-25 18:00:37,32.04,Restaurant,0,normal
TX003138,ACC0043,MRC0037,2026-01-25 18:08:54,22.07,Transport,0,normal
TX003139,ACC0010,MRC0009,2026-01-25 18:24:32,165.57,Grocery,0,normal
TX003140,ACC0035,MRC0014,2026-01-25 18:43:34,165.67,Online Shop,0,normal
TX003141,ACC0033,MRC0004,2026-01-25 18:53:34,135.69,Restaurant,0,normal
TX003142,ACC0040,MRC0019,2026-01-25 19:26:30,22.72,Pharmacy,0,normal
TX003143,ACC0034,MRC0037,2026-01-25 19:32:25,43.09,Online Shop,0,normal
TX003144,ACC0035,MRC0031,2026-01-25 19:46:38,233.88,Transport,0,normal
TX003145,ACC0045,MRC0001,2026-01-25 19:59:52,57.45,Restaurant,0,normal
TX003146,ACC0039,MRC0024,2026-01-25 20:21:39,147.01,Transport,0,normal
TX003147,ACC0054,MRC0039,2026-01-25 20:46:24,129.65,Online Shop,0,normal
TX003148,ACC0026,MRC0032,2026-01-25 20:46:47,111.42,Restaurant,0,normal
TX003149,ACC0038,MRC0035,2026-01-25 21:04:58,62.97,Fuel,0,normal
TX003150,ACC0046,MRC0005,2026-01-25 21:14:13,29.02,Restaurant,0,normal
TX003151,ACC0049,MRC0025,2026-01-25 21:28:43,94.6,Restaurant,0,normal
TX003152,ACC0020,MRC0013,2026-01-25 22:04:11,184.36,Restaurant,0,normal
TX003153,ACC0049,MRC0031,2026-01-25 22:19:05,71.04,Restaurant,0,normal
TX003154,ACC0002,MRC0005,2026-01-25 22:38:17,61.87,Grocery,0,normal
TX003155,ACC0023,MRC0011,2026-01-25 22:50:24,134.3,Fuel,0,normal
TX003156,ACC0013,ACC0016,2026-01-25 22:54:08,87.84,Utilities,0,normal
TX003157,ACC0054,MRC0023,2026-01-26 07:06:21,250.15,Restaurant,0,normal
TX003158,ACC0028,ACC0011,2026-01-26 07:14:42,234.74,Transport,0,normal
TX003159,ACC0054,MRC0023,2026-01-26 07:15:38,152.92,Fuel,0,normal
TX003160,ACC0044,MRC0011,2026-01-26 07:36:02,157.74,Fuel,0,normal
TX003161,ACC0057,MRC0023,2026-01-26 07:39:48,86.83,Transport,0,normal
TX003162,ACC0040,ACC0027,2026-01-26 08:06:01,32.14,Online Shop,0,normal
TX003163,ACC0053,MRC0002,2026-01-26 08:35:22,71.29,Pharmacy,0,normal
TX003164,ACC0027,MRC0014,2026-01-26 08:42:12,176.26,Utilities,0,normal
TX003165,ACC0014,MRC0010,2026-01-26 08:46:23,535.13,Transport,0,normal
TX003166,ACC0036,MRC0031,2026-01-26 08:49:21,24.27,Utilities,0,normal
TX003167,ACC0009,MRC0024,2026-01-26 08:51:38,28.75,Restaurant,0,normal
TX003168,ACC0025,MRC0010,2026-01-26 09:03:05,92.72,Online Shop,0,normal
TX003169,ACC0033,MRC0034,2026-01-26 09:04:29,252.88,Fuel,0,normal
TX003170,ACC0035,MRC0014,2026-01-26 09:13:13,108.74,Pharmacy,0,normal
TX003171,ACC0004,MRC0021,2026-01-26 09:55:35,20.39,Restaurant,0,normal
TX003172,ACC0060,MRC0004,2026-01-26 09:57:47,344.56,Utilities,0,normal
TX003173,ACC0037,MRC0034,2026-01-26 10:07:38,66.87,Fuel,0,normal
TX003174,ACC0056,MRC0036,2026-01-26 10:10:13,45.99,Utilities,0,normal
TX003175,ACC0057,MRC0017,2026-01-26 10:10:50,58.19,Online Shop,0,normal
TX003176,ACC0008,MRC0024,2026-01-26 10:19:30,67.47,Grocery,0,normal
TX003177,ACC0030,MRC0016,2026-01-26 10:20:25,221.82,Fuel,0,normal
TX003178,ACC0052,MRC0007,2026-01-26 10:27:02,63.98,Online Shop,0,normal
TX003179,ACC0019,MRC0008,2026-01-26 10:28:08,166.9,Transport,0,normal
TX003180,ACC0037,MRC0013,2026-01-26 10:30:46,66.6,Utilities,0,normal
TX003181,ACC0042,MRC0033,2026-01-26 10:32:49,91.48,Grocery,0,normal
TX003182,ACC0023,MRC0027,2026-01-26 10:35:36,78.19,Grocery,0,normal
TX003183,ACC0034,MRC0018,2026-01-26 11:03:07,33.6,Grocery,0,normal
TX003184,ACC0044,MRC0001,2026-01-26 11:13:06,119.64,Utilities,0,normal
TX003185,ACC0031,MRC0000,2026-01-26 11:16:08,100.65,Pharmacy,0,normal
TX003186,ACC0023,MRC0004,2026-01-26 11:18:42,116.01,Utilities,0,normal
TX003187,ACC0041,MRC0026,2026-01-26 11:26:11,255.01,Online Shop,0,normal
TX003188,ACC0014,MRC0004,2026-01-26 11:29:40,162.09,Online Shop,0,normal
TX003189,ACC0011,MRC0027,2026-01-26 11:30:13,113.74,Restaurant,0,normal
TX003190,ACC0003,MRC0016,2026-01-26 11:31:44,30.91,Restaurant,0,normal
TX003191,ACC0025,MRC0034,2026-01-26 11:32:12,161.65,Pharmacy,0,normal
TX003192,ACC0044,MRC0003,2026-01-26 11:34:56,140.75,Restaurant,0,normal
TX003193,ACC0013,MRC0019,2026-01-26 11:52:02,51.44,Online Shop,0,normal
TX003194,ACC0035,MRC0014,2026-01-26 11:52:27,255.48,Grocery,0,normal
TX003195,ACC0040,MRC0030,2026-01-26 12:03:54,35.67,Fuel,0,normal
TX003196,ACC0058,MRC0030,2026-01-26 12:07:17,65.64,Restaurant,0,normal
TX003197,ACC0047,MRC0038,2026-01-26 12:07:51,81.65,Transport,0,normal
TX003198,ACC0023,MRC0011,2026-01-26 12:11:54,170.79,Restaurant,0,normal
TX003199,ACC0040,MRC0009,2026-01-26 12:14:18,34.98,Pharmacy,0,normal
TX003200,ACC0014,MRC0010,2026-01-26 12:22:40,177.1,Utilities,0,normal
TX003201,ACC0027,MRC0026,2026-01-26 12:27:58,108.73,Online Shop,0,normal
TX003202,ACC0034,MRC0018,2026-01-26 12:31:53,65.78,Grocery,0,normal
TX003203,ACC0013,MRC0012,2026-01-26 12:35:49,43.72,Pharmacy,0,normal
TX003204,ACC0015,MRC0022,2026-01-26 12:37:16,87.14,Online Shop,0,normal
TX003205,ACC0026,MRC0032,2026-01-26 12:41:41,117.86,Grocery,0,normal
TX003206,ACC0015,MRC0005,2026-01-26 12:46:29,113.01,Fuel,0,normal
TX003207,ACC0003,MRC0035,2026-01-26 12:47:00,23.13,Fuel,0,normal
TX003208,ACC0060,MRC0034,2026-01-26 13:01:38,110.14,Online Shop,0,normal
TX003209,ACC0017,MRC0029,2026-01-26 13:03:39,160.6,Utilities,0,normal
TX003210,ACC0048,ACC0045,2026-01-26 13:16:17,181.1,Restaurant,0,normal
TX003211,ACC0021,ACC0035,2026-01-26 13:20:49,78.13,Restaurant,0,normal
TX003212,ACC0014,MRC0010,2026-01-26 13:28:06,231.83,Grocery,0,normal
TX003213,ACC0035,MRC0014,2026-01-26 13:37:32,99.33,Utilities,0,normal
TX003214,ACC0004,MRC0035,2026-01-26 13:41:46,29.85,Restaurant,0,normal
TX003215,ACC0022,MRC0022,2026-01-26 13:42:04,143.3,Utilities,0,normal
TX003216,ACC0015,MRC0026,2026-01-26 13:42:12,45.18,Transport,0,normal
TX003217,ACC0005,MRC0004,2026-01-26 13:44:41,215.8,Restaurant,0,normal
TX003218,ACC0045,ACC0040,2026-01-26 13:44:52,79.6,Restaurant,0,normal
TX003219,ACC0025,MRC0034,2026-01-26 13:45:16,130.32,Fuel,0,normal
TX003220,ACC0049,MRC0010,2026-01-26 13:45:34,112.42,Online Shop,0,normal
TX003221,ACC0056,MRC0010,2026-01-26 13:53:05,45.59,Grocery,0,normal
TX003222,ACC0044,MRC0019,2026-01-26 13:59:39,151.64,Grocery,0,normal
TX003223,ACC0008,MRC0015,2026-01-26 14:05:34,177.4,Online Shop,0,normal
TX003224,ACC0011,MRC0027,2026-01-26 14:06:47,211.8,Transport,0,normal
TX003225,ACC0058,MRC0025,2026-01-26 14:11:42,58.02,Pharmacy,0,normal
TX003226,ACC0005,MRC0031,2026-01-26 14:12:34,217.96,Fuel,0,normal
TX003227,ACC0059,MRC0019,2026-01-26 14:13:45,103.16,Restaurant,0,normal
TX003228,ACC0003,MRC0037,2026-01-26 14:16:51,22.8,Fuel,0,normal
TX003229,ACC0007,MRC0021,2026-01-26 14:19:31,35.96,Fuel,0,normal
TX003230,ACC0034,MRC0018,2026-01-26 14:21:28,51.14,Online Shop,0,normal
TX003231,ACC0015,MRC0022,2026-01-26 14:29:21,68.02,Fuel,0,normal
TX003232,ACC0027,MRC0026,2026-01-26 14:34:46,133.28,Utilities,0,normal
TX003233,ACC0023,MRC0027,2026-01-26 14:41:50,64.4,Pharmacy,0,normal
TX003234,ACC0060,MRC0035,2026-01-26 14:52:03,166.65,Transport,0,normal
TX003235,ACC0033,MRC0038,2026-01-26 14:54:31,276.09,Fuel,0,normal
TX003236,ACC0028,MRC0033,2026-01-26 14:54:51,101.75,Transport,0,normal
TX003237,ACC0053,MRC0022,2026-01-26 14:55:23,188.48,Pharmacy,0,normal
TX003238,ACC0060,ACC0029,2026-01-26 15:04:22,146.64,Transport,0,normal
TX003239,ACC0001,ACC0033,2026-01-26 15:24:55,191.07,Online Shop,0,normal
TX003240,ACC0037,MRC0019,2026-01-26 15:26:32,120.74,Utilities,0,normal
TX003241,ACC0001,MRC0016,2026-01-26 15:29:10,298.93,Fuel,0,normal
TX003242,ACC0051,MRC0024,2026-01-26 15:30:11,83.49,Transport,0,normal
TX003243,ACC0039,MRC0005,2026-01-26 15:32:07,234.48,Utilities,0,normal
TX003244,ACC0024,MRC0028,2026-01-26 15:54:43,145.82,Transport,0,normal
TX003245,ACC0042,MRC0033,2026-01-26 16:14:50,347.87,Online Shop,0,normal
TX003246,ACC0033,MRC0034,2026-01-26 16:19:23,206.72,Utilities,0,normal
TX003247,ACC0020,MRC0009,2026-01-26 16:19:38,203.74,Online Shop,0,normal
TX003248,ACC0046,MRC0037,2026-01-26 16:20:12,37.54,Online Shop,0,normal
TX003249,ACC0020,MRC0013,2026-01-26 16:27:05,82.82,Grocery,0,normal
TX003250,ACC0004,MRC0021,2026-01-26 16:32:26,40.03,Restaurant,0,normal
TX003251,ACC0026,MRC0032,2026-01-26 16:33:44,94.12,Pharmacy,0,normal
TX003252,ACC0039,MRC0024,2026-01-26 16:37:08,124.31,Pharmacy,0,normal
TX003253,ACC0017,MRC0032,2026-01-26 16:37:36,152.41,Utilities,0,normal
TX003254,ACC0060,MRC0035,2026-01-26 16:50:58,204.13,Restaurant,0,normal
TX003255,ACC0029,MRC0009,2026-01-26 16:52:32,80.82,Transport,0,normal
TX003256,ACC0043,MRC0007,2026-01-26 16:56:55,62.46,Grocery,0,normal
TX003257,ACC0014,ACC0031,2026-01-26 17:20:00,503.72,Transfer,1,fan_out
TX003258,ACC0014,ACC0025,2026-01-26 17:24:00,620.97,Transfer,1,fan_out
TX003259,ACC0014,ACC0059,2026-01-26 17:28:00,493.17,Transfer,1,fan_out
TX003260,ACC0014,ACC0038,2026-01-26 17:32:00,845.36,Transfer,1,fan_out
TX003261,ACC0030,MRC0016,2026-01-26 17:36:00,610.92,Transport,0,normal
TX003262,ACC0014,ACC0039,2026-01-26 17:36:00,472.64,Transfer,1,fan_out
TX003263,ACC0045,MRC0026,2026-01-26 17:37:28,163.42,Online Shop,0,normal
TX003264,ACC0014,ACC0035,2026-01-26 17:40:00,716.29,Transfer,1,fan_out
TX003265,ACC0014,ACC0002,2026-01-26 17:44:00,405.03,Transfer,1,fan_out
TX003266,ACC0046,ACC0057,2026-01-26 17:44:59,46.19,Grocery,0,normal
TX003267,ACC0014,ACC0033,2026-01-26 17:48:00,363.15,Transfer,1,fan_out
TX003268,ACC0055,MRC0001,2026-01-26 17:52:02,43.61,Grocery,0,normal
TX003269,ACC0058,MRC0032,2026-01-26 17:59:52,37.88,Online Shop,0,normal
TX003270,ACC0057,MRC0023,2026-01-26 18:23:31,105.96,Online Shop,0,normal
TX003271,ACC0031,MRC0000,2026-01-26 18:38:33,50.19,Restaurant,0,normal
TX003272,ACC0047,MRC0027,2026-01-26 18:57:09,52.36,Fuel,0,normal
TX003273,ACC0013,MRC0032,2026-01-26 19:06:01,88.08,Pharmacy,0,normal
TX003274,ACC0039,MRC0004,2026-01-26 19:20:48,65.08,Restaurant,0,normal
TX003275,ACC0011,MRC0022,2026-01-26 19:38:33,210.91,Utilities,0,normal
TX003276,ACC0024,MRC0013,2026-01-26 19:41:39,64.68,Grocery,0,normal
TX003277,ACC0047,MRC0031,2026-01-26 19:55:28,46.62,Online Shop,0,normal
TX003278,ACC0051,MRC0037,2026-01-26 19:56:50,83.14,Grocery,0,normal
TX003279,ACC0047,MRC0031,2026-01-26 20:25:51,41.18,Utilities,0,normal
TX003280,ACC0028,MRC0010,2026-01-26 20:27:35,131.51,Fuel,0,normal
TX003281,ACC0029,MRC0028,2026-01-26 20:41:07,183.5,Restaurant,0,normal
TX003282,ACC0041,MRC0026,2026-01-26 20:49:39,184.94,Fuel,0,normal
TX003283,ACC0019,MRC0035,2026-01-26 20:50:15,196.12,Grocery,0,normal
TX003284,ACC0008,ACC0013,2026-01-26 21:43:11,152.15,Utilities,0,normal
TX003285,ACC0019,MRC0005,2026-01-26 22:46:51,95.95,Pharmacy,0,normal
TX003286,ACC0054,ACC0019,2026-01-27 07:11:47,112.2,Restaurant,0,normal
TX003287,ACC0034,MRC0018,2026-01-27 07:22:09,152.99,Transport,0,normal
TX003288,ACC0047,MRC0036,2026-01-27 07:44:03,86.17,Restaurant,0,normal
TX003289,ACC0015,MRC0033,2026-01-27 07:59:34,102.44,Grocery,0,normal
TX003290,ACC0003,MRC0029,2026-01-27 08:23:15,31.0,Fuel,0,normal
TX003291,ACC0026,MRC0032,2026-01-27 08:26:51,205.76,Online Shop,0,normal
TX003292,ACC0009,MRC0004,2026-01-27 08:33:49,54.66,Online Shop,0,normal
TX003293,ACC0010,ACC0003,2026-01-27 08:59:20,158.7,Utilities,0,normal
TX003294,ACC0035,MRC0014,2026-01-27 08:59:45,95.02,Restaurant,0,normal
TX003295,ACC0030,MRC0005,2026-01-27 09:31:07,129.64,Online Shop,0,normal
TX003296,ACC0032,MRC0016,2026-01-27 09:34:51,291.28,Restaurant,0,normal
TX003297,ACC0022,MRC0028,2026-01-27 09:54:07,78.78,Transport,0,normal
TX003298,ACC0036,MRC0018,2026-01-27 09:55:16,45.68,Online Shop,0,normal
TX003299,ACC0022,MRC0022,2026-01-27 10:39:38,81.83,Transport,0,normal
TX003300,ACC0028,MRC0010,2026-01-27 10:40:04,69.93,Grocery,0,normal
TX003301,ACC0003,MRC0037,2026-01-27 10:41:58,34.27,Fuel,0,normal
TX003302,ACC0034,MRC0023,2026-01-27 10:46:03,71.19,Online Shop,0,normal
TX003303,ACC0046,MRC0015,2026-01-27 10:52:09,22.47,Transport,0,normal
TX003304,ACC0019,MRC0008,2026-01-27 10:56:40,197.25,Grocery,0,normal
TX003305,ACC0021,MRC0014,2026-01-27 10:58:35,63.18,Restaurant,0,normal
TX003306,ACC0015,MRC0026,2026-01-27 10:58:56,36.3,Grocery,0,normal
TX003307,ACC0033,ACC0026,2026-01-27 11:03:17,136.05,Grocery,0,normal
TX003308,ACC0020,MRC0013,2026-01-27 11:06:27,62.97,Transport,0,normal
TX003309,ACC0009,MRC0008,2026-01-27 11:10:51,45.33,Utilities,0,normal
TX003310,ACC0037,MRC0013,2026-01-27 11:24:19,39.57,Grocery,0,normal
TX003311,ACC0007,MRC0013,2026-01-27 11:35:55,14.51,Fuel,0,normal
TX003312,ACC0005,MRC0031,2026-01-27 11:43:03,162.05,Pharmacy,0,normal
TX003313,ACC0026,MRC0000,2026-01-27 11:48:15,157.32,Online Shop,0,normal
TX003314,ACC0022,MRC0023,2026-01-27 11:48:30,117.97,Utilities,0,normal
TX003315,ACC0019,MRC0005,2026-01-27 11:49:27,150.85,Transport,0,normal
TX003316,ACC0002,MRC0005,2026-01-27 11:54:59,53.94,Grocery,0,normal
TX003317,ACC0060,MRC0038,2026-01-27 11:55:30,366.58,Utilities,0,normal
TX003318,ACC0027,ACC0030,2026-01-27 11:57:24,136.32,Restaurant,0,normal
TX003319,ACC0021,MRC0008,2026-01-27 12:11:00,116.92,Utilities,0,normal
TX003320,ACC0023,MRC0011,2026-01-27 12:23:58,245.32,Fuel,0,normal
TX003321,ACC0024,MRC0034,2026-01-27 12:30:32,259.51,Utilities,0,normal
TX003322,ACC0013,MRC0012,2026-01-27 12:38:42,79.82,Restaurant,0,normal
TX003323,ACC0034,MRC0018,2026-01-27 12:39:40,49.83,Online Shop,0,normal
TX003324,ACC0044,MRC0001,2026-01-27 12:41:25,290.26,Grocery,0,normal
TX003325,ACC0021,MRC0014,2026-01-27 12:43:21,82.55,Online Shop,0,normal
TX003326,ACC0048,MRC0012,2026-01-27 12:43:23,85.09,Grocery,0,normal
TX003327,ACC0006,MRC0005,2026-01-27 12:45:45,96.92,Grocery,0,normal
TX003328,ACC0054,MRC0010,2026-01-27 12:51:11,153.22,Transport,0,normal
TX003329,ACC0024,MRC0028,2026-01-27 13:05:13,82.83,Fuel,0,normal
TX003330,ACC0005,MRC0004,2026-01-27 13:16:21,122.9,Grocery,0,normal
TX003331,ACC0006,MRC0004,2026-01-27 13:26:31,178.99,Utilities,0,normal
TX003332,ACC0012,MRC0014,2026-01-27 13:26:41,251.72,Utilities,0,normal
TX003333,ACC0020,MRC0023,2026-01-27 13:29:26,176.55,Fuel,0,normal
TX003334,ACC0015,ACC0043,2026-01-27 13:31:03,66.25,Fuel,0,normal
TX003335,ACC0013,MRC0032,2026-01-27 13:33:06,58.02,Restaurant,0,normal
TX003336,ACC0039,MRC0006,2026-01-27 13:59:35,204.21,Fuel,0,normal
TX003337,ACC0037,MRC0019,2026-01-27 14:00:34,90.4,Transport,0,normal
TX003338,ACC0026,MRC0007,2026-01-27 14:02:43,176.31,Fuel,0,normal
TX003339,ACC0022,MRC0022,2026-01-27 14:03:44,81.67,Restaurant,0,normal
TX003340,ACC0036,ACC0031,2026-01-27 14:06:42,37.64,Online Shop,0,normal
TX003341,ACC0047,MRC0031,2026-01-27 14:16:30,74.23,Fuel,0,normal
TX003342,ACC0037,MRC0019,2026-01-27 14:18:47,42.77,Online Shop,0,normal
TX003343,ACC0012,MRC0014,2026-01-27 14:25:59,123.07,Utilities,0,normal
TX003344,ACC0051,MRC0024,2026-01-27 14:26:30,41.88,Transport,0,normal
TX003345,ACC0003,MRC0029,2026-01-27 14:37:36,30.79,Restaurant,0,normal
TX003346,ACC0020,MRC0009,2026-01-27 14:39:05,86.07,Transport,0,normal
TX003347,ACC0038,MRC0008,2026-01-27 14:39:39,106.05,Transport,0,normal
TX003348,ACC0007,MRC0021,2026-01-27 14:44:29,61.74,Transport,0,normal
TX003349,ACC0003,MRC0037,2026-01-27 14:44:38,42.99,Pharmacy,0,normal
TX003350,ACC0056,MRC0013,2026-01-27 14:58:29,15.07,Transport,0,normal
TX003351,ACC0029,MRC0028,2026-01-27 14:59:19,157.25,Utilities,0,normal
TX003352,ACC0044,MRC0001,2026-01-27 15:03:25,125.56,Utilities,0,normal
TX003353,ACC0013,ACC0016,2026-01-27 15:29:22,80.26,Online Shop,0,normal
TX003354,ACC0026,MRC0003,2026-01-27 15:36:00,168.45,Utilities,0,normal
TX003355,ACC0045,MRC0010,2026-01-27 15:41:20,167.73,Transport,0,normal
TX003356,ACC0022,MRC0023,2026-01-27 15:50:47,89.01,Utilities,0,normal
TX003357,ACC0011,MRC0022,2026-01-27 15:54:38,207.02,Grocery,0,normal
TX003358,ACC0013,MRC0032,2026-01-27 15:54:54,105.22,Transport,0,normal
TX003359,ACC0029,MRC0009,2026-01-27 16:07:17,104.38,Online Shop,0,normal
TX003360,ACC0040,MRC0027,2026-01-27 16:08:24,27.51,Restaurant,0,normal
TX003361,ACC0058,MRC0029,2026-01-27 16:13:14,17.8,Pharmacy,0,normal
TX003362,ACC0038,MRC0035,2026-01-27 16:15:32,63.49,Online Shop,0,normal
TX003363,ACC0035,ACC0053,2026-01-27 16:31:05,121.1,Fuel,0,normal
TX003364,ACC0038,MRC0008,2026-01-27 16:38:58,73.99,Restaurant,0,normal
TX003365,ACC0052,MRC0020,2026-01-27 16:43:14,31.25,Pharmacy,0,normal
TX003366,ACC0014,MRC0000,2026-01-27 16:46:58,165.91,Online Shop,0,normal
TX003367,ACC0009,MRC0004,2026-01-27 16:47:28,18.09,Grocery,0,normal
TX003368,ACC0040,MRC0030,2026-01-27 16:49:02,39.5,Fuel,0,normal
TX003369,ACC0040,MRC0027,2026-01-27 17:03:03,36.82,Pharmacy,0,normal
TX003370,ACC0003,MRC0035,2026-01-27 17:03:47,25.35,Utilities,0,normal
TX003371,ACC0018,MRC0038,2026-01-27 17:06:52,251.19,Grocery,0,normal
TX003372,ACC0007,MRC0037,2026-01-27 17:07:46,20.02,Restaurant,0,normal
TX003373,ACC0051,MRC0028,2026-01-27 17:09:02,85.33,Online Shop,0,normal
TX003374,ACC0028,MRC0020,2026-01-27 17:12:03,184.24,Online Shop,0,normal
TX003375,ACC0004,MRC0028,2026-01-27 17:21:26,38.53,Online Shop,0,normal
TX003376,ACC0021,ACC0027,2026-01-27 17:50:48,98.43,Grocery,0,normal
TX003377,ACC0019,MRC0035,2026-01-27 17:51:44,478.85,Online Shop,0,normal
TX003378,ACC0029,MRC0028,2026-01-27 18:00:41,118.35,Fuel,0,normal
TX003379,ACC0044,MRC0001,2026-01-27 18:25:39,96.87,Pharmacy,0,normal
TX003380,ACC0008,MRC0015,2026-01-27 18:29:52,86.51,Online Shop,0,normal
TX003381,ACC0030,MRC0016,2026-01-27 18:42:31,248.86,Utilities,0,normal
TX003382,ACC0051,MRC0024,2026-01-27 18:42:45,62.07,Utilities,0,normal
TX003383,ACC0005,MRC0004,2026-01-27 18:58:33,155.92,Fuel,0,normal
TX003384,ACC0019,MRC0035,2026-01-27 19:37:25,133.27,Utilities,0,normal
TX003385,ACC0004,MRC0021,2026-01-27 19:57:52,48.82,Fuel,0,normal
TX003386,ACC0017,MRC0032,2026-01-27 20:05:51,100.53,Utilities,0,normal
TX003387,ACC0019,MRC0022,2026-01-27 20:24:17,100.69,Transport,0,normal
TX003388,ACC0037,MRC0034,2026-01-27 20:37:46,71.04,Online Shop,0,normal
TX003389,ACC0004,MRC0020,2026-01-27 20:49:28,122.36,Grocery,0,normal
TX003390,ACC0001,MRC0016,2026-01-27 20:50:53,268.61,Utilities,0,normal
TX003391,ACC0033,MRC0038,2026-01-27 22:30:39,227.83,Utilities,0,normal
TX003392,ACC0039,MRC0015,2026-01-28 01:40:00,564.21,Online Shop,1,odd_hour
TX003393,ACC0059,MRC0019,2026-01-28 07:14:23,197.04,Online Shop,0,normal
TX003394,ACC0022,MRC0022,2026-01-28 07:15:51,143.33,Grocery,0,normal
TX003395,ACC0015,MRC0026,2026-01-28 07:39:18,57.36,Restaurant,0,normal
TX003396,ACC0050,MRC0029,2026-01-28 07:39:53,117.98,Utilities,0,normal
TX003397,ACC0049,MRC0010,2026-01-28 07:51:05,163.87,Pharmacy,0,normal
TX003398,ACC0047,MRC0038,2026-01-28 07:57:02,52.23,Pharmacy,0,normal
TX003399,ACC0019,MRC0035,2026-01-28 07:57:49,98.85,Restaurant,0,normal
TX003400,ACC0052,MRC0024,2026-01-28 07:58:44,58.54,Transport,0,normal
TX003401,ACC0019,MRC0022,2026-01-28 08:15:34,122.13,Online Shop,0,normal
TX003402,ACC0059,MRC0031,2026-01-28 08:17:34,57.47,Transport,0,normal
TX003403,ACC0052,MRC0013,2026-01-28 08:25:57,86.07,Transport,0,normal
TX003404,ACC0038,MRC0008,2026-01-28 08:49:17,123.06,Pharmacy,0,normal
TX003405,ACC0034,MRC0037,2026-01-28 08:50:26,69.66,Transport,0,normal
TX003406,ACC0024,MRC0013,2026-01-28 08:54:53,94.34,Transport,0,normal
TX003407,ACC0049,ACC0054,2026-01-28 09:10:42,122.82,Utilities,0,normal
TX003408,ACC0003,ACC0016,2026-01-28 09:17:38,23.88,Transport,0,normal
TX003409,ACC0054,ACC0019,2026-01-28 09:21:58,129.51,Grocery,0,normal
TX003410,ACC0059,MRC0011,2026-01-28 09:22:50,157.25,Fuel,0,normal
TX003411,ACC0036,MRC0008,2026-01-28 09:31:53,22.45,Restaurant,0,normal
TX003412,ACC0042,MRC0030,2026-01-28 09:56:24,172.26,Online Shop,0,normal
TX003413,ACC0010,MRC0016,2026-01-28 10:07:06,280.68,Restaurant,0,normal
TX003414,ACC0002,MRC0005,2026-01-28 10:07:51,39.38,Utilities,0,normal
TX003415,ACC0050,MRC0039,2026-01-28 10:12:53,138.33,Utilities,0,normal
TX003416,ACC0020,MRC0009,2026-01-28 10:42:50,253.76,Restaurant,0,normal
TX003417,ACC0046,MRC0013,2026-01-28 10:59:16,36.82,Pharmacy,0,normal
TX003418,ACC0017,MRC0029,2026-01-28 11:00:20,144.91,Pharmacy,0,normal
TX003419,ACC0025,MRC0010,2026-01-28 11:01:47,93.49,Restaurant,0,normal
TX003420,ACC0012,MRC0005,2026-01-28 11:11:19,100.62,Restaurant,0,normal
TX003421,ACC0042,MRC0022,2026-01-28 11:16:17,78.62,Transport,0,normal
TX003422,ACC0011,MRC0022,2026-01-28 11:20:00,124.01,Online Shop,0,normal
TX003423,ACC0007,MRC0013,2026-01-28 11:20:18,24.5,Utilities,0,normal
TX003424,ACC0011,MRC0022,2026-01-28 11:21:31,133.36,Transport,0,normal
TX003425,ACC0025,MRC0007,2026-01-28 11:27:11,94.6,Transport,0,normal
TX003426,ACC0022,MRC0028,2026-01-28 11:42:01,32.88,Fuel,0,normal
TX003427,ACC0028,MRC0030,2026-01-28 11:43:44,58.25,Online Shop,0,normal
TX003428,ACC0026,ACC0024,2026-01-28 11:44:39,94.61,Pharmacy,0,normal
TX003429,ACC0057,MRC0000,2026-01-28 11:51:26,79.54,Grocery,0,normal
TX003430,ACC0039,MRC0024,2026-01-28 11:59:24,110.12,Grocery,0,normal
TX003431,ACC0025,MRC0034,2026-01-28 11:59:33,265.97,Pharmacy,0,normal
TX003432,ACC0031,ACC0055,2026-01-28 12:12:55,48.07,Online Shop,0,normal
TX003433,ACC0012,MRC0005,2026-01-28 12:25:33,138.4,Fuel,0,normal
TX003434,ACC0052,MRC0024,2026-01-28 12:36:18,26.61,Transport,0,normal
TX003435,ACC0036,MRC0018,2026-01-28 12:40:40,84.45,Fuel,0,normal
TX003436,ACC0001,MRC0034,2026-01-28 12:44:24,203.82,Online Shop,0,normal
TX003437,ACC0008,MRC0015,2026-01-28 12:57:54,100.13,Online Shop,0,normal
TX003438,ACC0050,MRC0039,2026-01-28 13:19:33,116.35,Fuel,0,normal
TX003439,ACC0023,MRC0011,2026-01-28 13:19:34,130.3,Utilities,0,normal
TX003440,ACC0034,MRC0023,2026-01-28 13:20:53,40.44,Utilities,0,normal
TX003441,ACC0005,MRC0036,2026-01-28 13:25:11,387.67,Utilities,0,normal
TX003442,ACC0016,MRC0029,2026-01-28 13:25:57,138.59,Online Shop,0,normal
TX003443,ACC0052,MRC0024,2026-01-28 13:29:50,74.18,Grocery,0,normal
TX003444,ACC0038,MRC0035,2026-01-28 13:34:34,111.52,Transport,0,normal
TX003445,ACC0037,MRC0034,2026-01-28 13:45:24,134.32,Utilities,0,normal
TX003446,ACC0027,MRC0033,2026-01-28 13:59:47,129.15,Pharmacy,0,normal
TX003447,ACC0029,MRC0009,2026-01-28 14:05:03,71.54,Pharmacy,0,normal
TX003448,ACC0007,MRC0016,2026-01-28 14:22:58,32.51,Pharmacy,0,normal
TX003449,ACC0024,MRC0013,2026-01-28 14:23:57,57.71,Grocery,0,normal
TX003450,ACC0017,MRC0034,2026-01-28 14:39:52,253.34,Transport,0,normal
TX003451,ACC0019,MRC0005,2026-01-28 14:44:11,194.8,Pharmacy,0,normal
TX003452,ACC0044,MRC0003,2026-01-28 14:44:50,211.31,Utilities,0,normal
TX003453,ACC0051,MRC0037,2026-01-28 14:48:40,54.83,Restaurant,0,normal
TX003454,ACC0025,MRC0034,2026-01-28 14:49:51,121.0,Utilities,0,normal
TX003455,ACC0056,MRC0024,2026-01-28 14:59:33,30.32,Online Shop,0,normal
TX003456,ACC0028,MRC0033,2026-01-28 15:04:24,202.62,Pharmacy,0,normal
TX003457,ACC0036,MRC0008,2026-01-28 15:09:38,31.49,Restaurant,0,normal
TX003458,ACC0017,MRC0032,2026-01-28 15:10:34,266.72,Utilities,0,normal
TX003459,ACC0019,MRC0008,2026-01-28 15:14:39,107.92,Utilities,0,normal
TX003460,ACC0012,MRC0005,2026-01-28 15:15:56,156.75,Pharmacy,0,normal
TX003461,ACC0041,MRC0023,2026-01-28 15:23:49,422.44,Fuel,0,normal
TX003462,ACC0058,MRC0029,2026-01-28 15:49:40,41.88,Fuel,0,normal
TX003463,ACC0049,MRC0002,2026-01-28 15:53:44,91.44,Grocery,0,normal
TX003464,ACC0016,MRC0009,2026-01-28 15:55:55,148.11,Fuel,0,normal
TX003465,ACC0019,MRC0022,2026-01-28 15:55:56,250.62,Restaurant,0,normal
TX003466,ACC0031,MRC0000,2026-01-28 15:58:41,64.22,Online Shop,0,normal
TX003467,ACC0013,MRC0012,2026-01-28 16:06:22,129.83,Utilities,0,normal
TX003468,ACC0009,MRC0008,2026-01-28 16:09:11,33.79,Fuel,0,normal
TX003469,ACC0004,MRC0035,2026-01-28 16:18:50,52.03,Online Shop,0,normal
TX003470,ACC0016,MRC0013,2026-01-28 16:19:24,137.11,Pharmacy,0,normal
TX003471,ACC0032,ACC0042,2026-01-28 16:36:02,237.71,Fuel,0,normal
TX003472,ACC0024,MRC0018,2026-01-28 16:44:10,113.77,Online Shop,0,normal
TX003473,ACC0035,MRC0014,2026-01-28 16:44:19,115.69,Pharmacy,0,normal
TX003474,ACC0002,MRC0003,2026-01-28 16:50:31,46.71,Utilities,0,normal
TX003475,ACC0006,MRC0012,2026-01-28 16:57:16,156.48,Utilities,0,normal
TX003476,ACC0048,MRC0027,2026-01-28 16:57:27,140.99,Pharmacy,0,normal
TX003477,ACC0001,MRC0016,2026-01-28 17:08:35,151.01,Utilities,0,normal
TX003478,ACC0047,MRC0027,2026-01-28 17:23:29,58.32,Fuel,0,normal
TX003479,ACC0040,MRC0030,2026-01-28 17:23:53,13.86,Restaurant,0,normal
TX003480,ACC0005,MRC0031,2026-01-28 18:14:50,292.12,Grocery,0,normal
TX003481,ACC0050,ACC0051,2026-01-28 18:17:03,67.36,Utilities,0,normal
TX003482,ACC0022,MRC0022,2026-01-28 18:21:03,123.53,Online Shop,0,normal
TX003483,ACC0053,MRC0039,2026-01-28 18:28:05,99.8,Utilities,0,normal
TX003484,ACC0051,MRC0024,2026-01-28 18:31:37,67.17,Utilities,0,normal
TX003485,ACC0013,ACC0016,2026-01-28 18:38:56,115.18,Utilities,0,normal
TX003486,ACC0056,MRC0036,2026-01-28 18:39:34,21.0,Online Shop,0,normal
TX003487,ACC0024,MRC0034,2026-01-28 18:40:42,66.63,Utilities,0,normal
TX003488,ACC0024,MRC0013,2026-01-28 18:44:14,118.22,Transport,0,normal
TX003489,ACC0034,ACC0015,2026-01-28 18:46:31,82.39,Online Shop,0,normal
TX003490,ACC0034,MRC0018,2026-01-28 18:47:06,55.75,Utilities,0,normal
TX003491,ACC0014,MRC0010,2026-01-28 19:23:58,71.56,Restaurant,0,normal
TX003492,ACC0043,MRC0028,2026-01-28 19:34:51,41.32,Restaurant,0,normal
TX003493,ACC0047,MRC0031,2026-01-28 19:39:33,127.21,Transport,0,normal
TX003494,ACC0004,MRC0020,2026-01-28 19:49:23,50.64,Fuel,0,normal
TX003495,ACC0059,MRC0039,2026-01-28 19:50:00,2924.44,Online Shop,1,amount_spike
TX003496,ACC0049,MRC0010,2026-01-28 19:58:14,48.3,Online Shop,0,normal
TX003497,ACC0019,MRC0008,2026-01-28 20:13:19,111.14,Restaurant,0,normal
TX003498,ACC0022,MRC0022,2026-01-28 20:32:20,73.08,Utilities,0,normal
TX003499,ACC0025,MRC0034,2026-01-28 20:38:04,129.41,Grocery,0,normal
TX003500,ACC0019,MRC0035,2026-01-28 20:39:20,229.59,Restaurant,0,normal
TX003501,ACC0008,MRC0015,2026-01-28 20:57:35,106.96,Pharmacy,0,normal
TX003502,ACC0032,MRC0014,2026-01-28 21:05:56,280.47,Utilities,0,normal
TX003503,ACC0058,MRC0030,2026-01-28 21:19:18,26.4,Online Shop,0,normal
TX003504,ACC0031,MRC0000,2026-01-28 21:19:20,58.47,Pharmacy,0,normal
TX003505,ACC0038,MRC0003,2026-01-28 22:02:19,138.89,Transport,0,normal
TX003506,ACC0060,MRC0004,2026-01-28 22:41:50,107.64,Pharmacy,0,normal
TX003507,ACC0029,MRC0009,2026-01-29 07:00:21,70.16,Pharmacy,0,normal
TX003508,ACC0002,MRC0035,2026-01-29 07:14:14,43.16,Grocery,0,normal
TX003509,ACC0004,MRC0021,2026-01-29 07:17:00,150.87,Restaurant,0,normal
TX003510,ACC0016,ACC0015,2026-01-29 07:31:22,62.06,Online Shop,0,normal
TX003511,ACC0018,MRC0036,2026-01-29 07:32:06,144.72,Restaurant,0,normal
TX003512,ACC0010,MRC0036,2026-01-29 07:51:22,122.02,Online Shop,0,normal
TX003513,ACC0005,MRC0004,2026-01-29 07:58:26,105.38,Utilities,0,normal
TX003514,ACC0027,MRC0026,2026-01-29 07:59:20,155.78,Transport,0,normal
TX003515,ACC0050,MRC0011,2026-01-29 08:03:15,40.54,Online Shop,0,normal
TX003516,ACC0012,MRC0014,2026-01-29 08:05:53,63.58,Restaurant,0,normal
TX003517,ACC0037,MRC0034,2026-01-29 08:28:51,114.74,Grocery,0,normal
TX003518,ACC0036,MRC0008,2026-01-29 08:34:16,19.12,Fuel,0,normal
TX003519,ACC0047,MRC0038,2026-01-29 08:40:08,74.91,Transport,0,normal
TX003520,ACC0004,ACC0045,2026-01-29 08:54:07,68.03,Online Shop,0,normal
TX003521,ACC0057,MRC0023,2026-01-29 08:56:33,57.82,Fuel,0,normal
TX003522,ACC0010,MRC0004,2026-01-29 08:57:10,160.65,Utilities,0,normal
TX003523,ACC0023,MRC0017,2026-01-29 09:22:37,87.84,Utilities,0,normal
TX003524,ACC0052,MRC0007,2026-01-29 09:24:30,70.73,Online Shop,0,normal
TX003525,ACC0029,MRC0038,2026-01-29 09:26:43,163.02,Grocery,0,normal
TX003526,ACC0023,MRC0011,2026-01-29 09:29:30,252.88,Transport,0,normal
TX003527,ACC0051,MRC0024,2026-01-29 09:47:03,20.27,Pharmacy,0,normal
TX003528,ACC0031,MRC0033,2026-01-29 10:04:00,303.07,Online Shop,1,repeated
TX003529,ACC0031,MRC0033,2026-01-29 10:06:00,303.07,Online Shop,1,repeated
TX003530,ACC0031,MRC0033,2026-01-29 10:08:00,303.07,Online Shop,1,repeated
TX003531,ACC0049,MRC0010,2026-01-29 10:08:03,87.91,Online Shop,0,normal
TX003532,ACC0031,MRC0033,2026-01-29 10:10:00,303.07,Online Shop,1,repeated
TX003533,ACC0037,MRC0019,2026-01-29 10:16:39,88.14,Pharmacy,0,normal
TX003534,ACC0033,MRC0004,2026-01-29 10:20:03,195.89,Grocery,0,normal
TX003535,ACC0039,MRC0006,2026-01-29 10:21:36,87.09,Utilities,0,normal
TX003536,ACC0001,MRC0034,2026-01-29 10:24:00,102.09,Grocery,0,normal
TX003537,ACC0031,MRC0000,2026-01-29 10:34:11,66.13,Restaurant,0,normal
TX003538,ACC0046,MRC0005,2026-01-29 10:52:17,38.32,Grocery,0,normal
TX003539,ACC0017,MRC0032,2026-01-29 11:04:17,236.52,Pharmacy,0,normal
TX003540,ACC0025,ACC0035,2026-01-29 11:10:00,131.16,Transport,0,normal
TX003541,ACC0019,MRC0022,2026-01-29 11:28:05,181.45,Utilities,0,normal
TX003542,ACC0048,MRC0001,2026-01-29 11:28:14,62.96,Pharmacy,0,normal
TX003543,ACC0028,MRC0033,2026-01-29 11:39:24,62.1,Grocery,0,normal
TX003544,ACC0057,MRC0011,2026-01-29 11:45:01,38.62,Restaurant,0,normal
TX003545,ACC0026,MRC0032,2026-01-29 11:51:01,126.03,Transport,0,normal
TX003546,ACC0039,MRC0024,2026-01-29 11:53:37,121.77,Utilities,0,normal
TX003547,ACC0001,MRC0038,2026-01-29 11:57:24,120.46,Transport,0,normal
TX003548,ACC0009,MRC0008,2026-01-29 11:57:25,48.3,Utilities,0,normal
TX003549,ACC0034,MRC0010,2026-01-29 11:58:22,61.5,Fuel,0,normal
TX003550,ACC0005,MRC0036,2026-01-29 12:06:38,406.34,Utilities,0,normal
TX003551,ACC0031,MRC0000,2026-01-29 12:14:28,81.39,Online Shop,0,normal
TX003552,ACC0026,MRC0007,2026-01-29 12:21:18,104.11,Online Shop,0,normal
TX003553,ACC0015,MRC0005,2026-01-29 12:26:22,82.1,Restaurant,0,normal
TX003554,ACC0056,MRC0024,2026-01-29 12:27:30,12.95,Pharmacy,0,normal
TX003555,ACC0010,MRC0016,2026-01-29 12:41:01,133.74,Restaurant,0,normal
TX003556,ACC0032,MRC0024,2026-01-29 12:43:25,229.65,Grocery,0,normal
TX003557,ACC0051,MRC0038,2026-01-29 12:56:08,126.41,Transport,0,normal
TX003558,ACC0056,MRC0024,2026-01-29 13:06:33,17.75,Transport,0,normal
TX003559,ACC0040,MRC0030,2026-01-29 13:08:01,35.89,Utilities,0,normal
TX003560,ACC0052,MRC0013,2026-01-29 13:08:17,39.22,Grocery,0,normal
TX003561,ACC0012,MRC0005,2026-01-29 13:22:26,115.96,Fuel,0,normal
TX003562,ACC0011,ACC0038,2026-01-29 13:34:52,175.24,Restaurant,0,normal
TX003563,ACC0023,MRC0027,2026-01-29 13:40:16,262.89,Grocery,0,normal
TX003564,ACC0050,MRC0018,2026-01-29 13:52:46,53.7,Utilities,0,normal
TX003565,ACC0022,MRC0022,2026-01-29 13:53:38,91.75,Transport,0,normal
TX003566,ACC0049,MRC0025,2026-01-29 14:01:31,69.01,Utilities,0,normal
TX003567,ACC0015,MRC0033,2026-01-29 14:03:41,72.08,Fuel,0,normal
TX003568,ACC0016,MRC0030,2026-01-29 14:08:21,85.69,Grocery,0,normal
TX003569,ACC0023,MRC0011,2026-01-29 14:17:15,139.39,Pharmacy,0,normal
TX003570,ACC0026,MRC0000,2026-01-29 14:19:12,80.96,Restaurant,0,normal
TX003571,ACC0019,MRC0022,2026-01-29 14:27:28,240.06,Restaurant,0,normal
TX003572,ACC0050,MRC0011,2026-01-29 14:27:30,94.91,Fuel,0,normal
TX003573,ACC0011,MRC0027,2026-01-29 14:30:08,254.81,Fuel,0,normal
TX003574,ACC0001,ACC0033,2026-01-29 14:43:35,122.72,Pharmacy,0,normal
TX003575,ACC0048,MRC0012,2026-01-29 14:46:58,140.64,Utilities,0,normal
TX003576,ACC0023,MRC0027,2026-01-29 14:59:41,135.02,Online Shop,0,normal
TX003577,ACC0028,MRC0010,2026-01-29 14:59:48,86.26,Utilities,0,normal
TX003578,ACC0059,MRC0035,2026-01-29 15:05:25,247.53,Transport,0,normal
TX003579,ACC0007,ACC0006,2026-01-29 15:06:22,18.95,Fuel,0,normal
TX003580,ACC0050,MRC0011,2026-01-29 15:06:52,69.79,Fuel,0,normal
TX003581,ACC0023,MRC0027,2026-01-29 15:20:28,90.12,Fuel,0,normal
TX003582,ACC0053,MRC0002,2026-01-29 15:24:36,97.53,Transport,0,normal
TX003583,ACC0056,MRC0013,2026-01-29 15:28:06,43.27,Utilities,0,normal
TX003584,ACC0047,MRC0031,2026-01-29 15:29:06,89.06,Grocery,0,normal
TX003585,ACC0027,MRC0033,2026-01-29 15:30:05,88.54,Restaurant,0,normal
TX003586,ACC0025,MRC0010,2026-01-29 15:38:34,142.11,Fuel,0,normal
TX003587,ACC0011,MRC0035,2026-01-29 15:39:49,233.53,Utilities,0,normal
TX003588,ACC0057,ACC0005,2026-01-29 15:51:44,44.96,Online Shop,0,normal
TX003589,ACC0043,MRC0028,2026-01-29 15:55:51,39.84,Pharmacy,0,normal
TX003590,ACC0055,MRC0037,2026-01-29 16:04:11,56.99,Restaurant,0,normal
TX003591,ACC0018,MRC0036,2026-01-29 16:05:31,84.61,Grocery,0,normal
TX003592,ACC0002,MRC0035,2026-01-29 16:16:51,91.89,Grocery,0,normal
TX003593,ACC0032,MRC0024,2026-01-29 16:22:06,105.26,Utilities,0,normal
TX003594,ACC0008,MRC0025,2026-01-29 16:23:51,95.27,Online Shop,0,normal
TX003595,ACC0015,MRC0033,2026-01-29 16:28:33,65.43,Fuel,0,normal
TX003596,ACC0041,MRC0012,2026-01-29 16:29:41,135.29,Online Shop,0,normal
TX003597,ACC0024,MRC0013,2026-01-29 16:58:11,51.59,Restaurant,0,normal
TX003598,ACC0054,MRC0023,2026-01-29 16:59:20,152.92,Grocery,0,normal
TX003599,ACC0057,ACC0033,2026-01-29 17:08:00,316.26,Transfer,1,fan_out
TX003600,ACC0010,ACC0054,2026-01-29 17:10:00,6117.24,Transfer,1,ring
TX003601,ACC0057,ACC0050,2026-01-29 17:12:00,481.95,Transfer,1,fan_out
TX003602,ACC0057,ACC0014,2026-01-29 17:16:00,709.29,Transfer,1,fan_out
TX003603,ACC0057,ACC0053,2026-01-29 17:20:00,351.61,Transfer,1,fan_out
TX003604,ACC0057,ACC0018,2026-01-29 17:24:00,525.58,Transfer,1,fan_out
TX003605,ACC0035,MRC0014,2026-01-29 17:26:35,210.29,Grocery,0,normal
TX003606,ACC0057,ACC0029,2026-01-29 17:28:00,379.88,Transfer,1,fan_out
TX003607,ACC0057,ACC0036,2026-01-29 17:32:00,585.56,Transfer,1,fan_out
TX003608,ACC0057,ACC0031,2026-01-29 17:36:00,384.91,Transfer,1,fan_out
TX003609,ACC0035,MRC0014,2026-01-29 17:39:03,171.59,Grocery,0,normal
TX003610,ACC0008,ACC0013,2026-01-29 17:42:16,70.87,Transport,0,normal
TX003611,ACC0041,MRC0036,2026-01-29 17:42:42,166.9,Pharmacy,0,normal
TX003612,ACC0005,MRC0023,2026-01-29 17:48:55,182.17,Restaurant,0,normal
TX003613,ACC0054,ACC0056,2026-01-29 17:50:00,5994.9,Transfer,1,ring
TX003614,ACC0042,MRC0030,2026-01-29 17:57:13,84.13,Utilities,0,normal
TX003615,ACC0060,MRC0036,2026-01-29 18:00:00,2791.11,Online Shop,1,amount_spike
TX003616,ACC0056,ACC0010,2026-01-29 18:30:00,5875.0,Transfer,1,ring
TX003617,ACC0046,MRC0015,2026-01-29 18:39:43,40.75,Utilities,0,normal
TX003618,ACC0017,MRC0034,2026-01-29 18:41:24,336.04,Grocery,0,normal
TX003619,ACC0056,MRC0010,2026-01-29 19:13:14,27.09,Utilities,0,normal
TX003620,ACC0014,MRC0004,2026-01-29 19:46:24,112.86,Transport,0,normal
TX003621,ACC0040,MRC0030,2026-01-29 19:50:20,55.96,Utilities,0,normal
TX003622,ACC0025,MRC0016,2026-01-29 19:58:09,96.2,Fuel,0,normal
TX003623,ACC0012,MRC0005,2026-01-29 20:03:23,64.34,Grocery,0,normal
TX003624,ACC0033,MRC0038,2026-01-29 20:24:34,509.72,Utilities,0,normal
TX003625,ACC0035,MRC0037,2026-01-29 20:24:39,64.71,Online Shop,0,normal
TX003626,ACC0037,MRC0013,2026-01-29 20:37:43,62.17,Fuel,0,normal
TX003627,ACC0028,MRC0033,2026-01-29 20:42:24,156.49,Grocery,0,normal
TX003628,ACC0012,MRC0010,2026-01-29 20:42:35,177.37,Pharmacy,0,normal
TX003629,ACC0050,MRC0018,2026-01-29 20:42:59,110.01,Pharmacy,0,normal
TX003630,ACC0057,MRC0023,2026-01-29 21:24:53,37.94,Pharmacy,0,normal
TX003631,ACC0050,MRC0018,2026-01-29 22:27:44,99.81,Utilities,0,normal
TX003632,ACC0058,MRC0030,2026-01-29 22:29:46,52.82,Transport,0,normal
TX003633,ACC0037,MRC0019,2026-01-29 22:55:55,99.78,Grocery,0,normal
TX003634,ACC0027,MRC0026,2026-01-30 07:04:20,215.76,Grocery,0,normal
TX003635,ACC0039,MRC0024,2026-01-30 07:18:06,95.06,Transport,0,normal
TX003636,ACC0020,MRC0023,2026-01-30 07:19:30,200.24,Pharmacy,0,normal
TX003637,ACC0059,MRC0035,2026-01-30 07:25:19,112.5,Grocery,0,normal
TX003638,ACC0043,MRC0007,2026-01-30 07:30:28,37.24,Grocery,0,normal
TX003639,ACC0028,MRC0033,2026-01-30 07:47:41,110.94,Restaurant,0,normal
TX003640,ACC0046,MRC0037,2026-01-30 07:53:05,40.04,Utilities,0,normal
TX003641,ACC0020,MRC0013,2026-01-30 08:03:13,212.24,Pharmacy,0,normal
TX003642,ACC0052,MRC0024,2026-01-30 08:16:28,53.1,Restaurant,0,normal
TX003643,ACC0022,MRC0023,2026-01-30 08:19:26,40.97,Transport,0,normal
TX003644,ACC0011,MRC0001,2026-01-30 08:24:05,103.38,Grocery,0,normal
TX003645,ACC0058,MRC0032,2026-01-30 08:34:19,29.27,Pharmacy,0,normal
TX003646,ACC0028,MRC0020,2026-01-30 09:06:46,119.58,Fuel,0,normal
TX003647,ACC0035,MRC0014,2026-01-30 09:16:13,96.48,Grocery,0,normal
TX003648,ACC0012,MRC0014,2026-01-30 09:16:20,82.54,Fuel,0,normal
TX003649,ACC0020,MRC0023,2026-01-30 09:26:44,246.1,Pharmacy,0,normal
TX003650,ACC0054,MRC0023,2026-01-30 09:29:48,116.82,Online Shop,0,normal
TX003651,ACC0005,MRC0036,2026-01-30 09:30:28,108.83,Grocery,0,normal
TX003652,ACC0029,MRC0030,2026-01-30 09:36:37,276.91,Utilities,0,normal
TX003653,ACC0042,MRC0029,2026-01-30 09:52:11,103.3,Grocery,0,normal
TX003654,ACC0053,MRC0022,2026-01-30 09:55:55,85.89,Pharmacy,0,normal
TX003655,ACC0030,ACC0054,2026-01-30 09:56:32,366.13,Online Shop,0,normal
TX003656,ACC0025,MRC0010,2026-01-30 10:06:07,104.33,Fuel,0,normal
TX003657,ACC0001,MRC0038,2026-01-30 10:13:08,114.7,Utilities,0,normal
TX003658,ACC0010,MRC0036,2026-01-30 10:16:49,258.48,Online Shop,0,normal
TX003659,ACC0058,MRC0029,2026-01-30 10:24:03,29.54,Fuel,0,normal
TX003660,ACC0041,MRC0012,2026-01-30 10:49:03,161.0,Fuel,0,normal
TX003661,ACC0051,MRC0038,2026-01-30 11:02:50,88.21,Pharmacy,0,normal
TX003662,ACC0051,MRC0024,2026-01-30 11:05:48,116.33,Pharmacy,0,normal
TX003663,ACC0002,ACC0009,2026-01-30 11:08:39,59.79,Transport,0,normal
TX003664,ACC0023,MRC0027,2026-01-30 11:11:52,261.04,Online Shop,0,normal
TX003665,ACC0002,MRC0037,2026-01-30 11:15:48,39.93,Online Shop,0,normal
TX003666,ACC0057,MRC0000,2026-01-30 11:15:55,83.68,Transport,0,normal
TX003667,ACC0019,MRC0022,2026-01-30 11:25:08,164.46,Restaurant,0,normal
TX003668,ACC0008,MRC0025,2026-01-30 11:36:19,238.93,Utilities,0,normal
TX003669,ACC0036,MRC0037,2026-01-30 12:01:37,52.8,Online Shop,0,normal
TX003670,ACC0037,MRC0019,2026-01-30 12:04:28,134.32,Fuel,0,normal
TX003671,ACC0044,MRC0011,2026-01-30 12:09:42,107.75,Utilities,0,normal
TX003672,ACC0008,MRC0025,2026-01-30 12:12:23,99.32,Restaurant,0,normal
TX003673,ACC0038,MRC0035,2026-01-30 12:13:14,117.5,Pharmacy,0,normal
TX003674,ACC0012,MRC0002,2026-01-30 12:14:19,122.77,Grocery,0,normal
TX003675,ACC0050,MRC0011,2026-01-30 12:22:08,53.61,Online Shop,0,normal
TX003676,ACC0055,MRC0001,2026-01-30 12:43:04,17.43,Restaurant,0,normal
TX003677,ACC0035,MRC0037,2026-01-30 12:45:39,118.01,Grocery,0,normal
TX003678,ACC0021,MRC0008,2026-01-30 12:47:58,61.7,Transport,0,normal
TX003679,ACC0035,MRC0031,2026-01-30 12:50:24,130.58,Restaurant,0,normal
TX003680,ACC0053,MRC0039,2026-01-30 12:56:10,176.26,Transport,0,normal
TX003681,ACC0052,MRC0020,2026-01-30 13:00:54,63.07,Utilities,0,normal
TX003682,ACC0041,ACC0018,2026-01-30 13:06:43,373.03,Utilities,0,normal
TX003683,ACC0007,MRC0037,2026-01-30 13:15:43,34.63,Restaurant,0,normal
TX003684,ACC0024,ACC0001,2026-01-30 13:17:18,119.93,Restaurant,0,normal
TX003685,ACC0059,MRC0035,2026-01-30 13:19:41,164.68,Utilities,0,normal
TX003686,ACC0028,MRC0033,2026-01-30 13:20:01,201.63,Fuel,0,normal
TX003687,ACC0048,MRC0012,2026-01-30 13:20:58,93.31,Fuel,0,normal
TX003688,ACC0032,MRC0016,2026-01-30 13:23:53,127.41,Online Shop,0,normal
TX003689,ACC0056,MRC0036,2026-01-30 13:25:38,33.75,Grocery,0,normal
TX003690,ACC0049,MRC0010,2026-01-30 13:29:46,72.55,Restaurant,0,normal
TX003691,ACC0002,MRC0037,2026-01-30 13:30:26,50.98,Grocery,0,normal
TX003692,ACC0021,ACC0027,2026-01-30 13:31:01,29.53,Utilities,0,normal
TX003693,ACC0023,MRC0027,2026-01-30 13:32:03,136.58,Restaurant,0,normal
TX003694,ACC0054,MRC0023,2026-01-30 13:38:28,154.65,Pharmacy,0,normal
TX003695,ACC0019,MRC0008,2026-01-30 13:39:39,304.4,Fuel,0,normal
TX003696,ACC0041,MRC0036,2026-01-30 13:49:13,199.21,Online Shop,0,normal
TX003697,ACC0007,MRC0016,2026-01-30 13:56:12,41.77,Grocery,0,normal
TX003698,ACC0048,MRC0012,2026-01-30 14:03:29,62.78,Online Shop,0,normal
TX003699,ACC0002,MRC0035,2026-01-30 14:19:58,80.53,Online Shop,0,normal
TX003700,ACC0018,MRC0038,2026-01-30 14:27:54,208.69,Fuel,0,normal
TX003701,ACC0054,MRC0023,2026-01-30 14:43:39,261.77,Online Shop,0,normal
TX003702,ACC0003,MRC0029,2026-01-30 14:48:43,30.62,Restaurant,0,normal
TX003703,ACC0017,MRC0029,2026-01-30 14:48:46,215.64,Restaurant,0,normal
TX003704,ACC0039,MRC0006,2026-01-30 14:49:31,129.77,Restaurant,0,normal
TX003705,ACC0003,MRC0016,2026-01-30 14:51:14,60.03,Transport,0,normal
TX003706,ACC0004,MRC0035,2026-01-30 14:56:08,59.0,Fuel,0,normal
TX003707,ACC0051,MRC0024,2026-01-30 15:04:48,65.23,Transport,0,normal
TX003708,ACC0012,MRC0002,2026-01-30 15:10:48,56.13,Grocery,0,normal
TX003709,ACC0008,MRC0029,2026-01-30 15:17:47,95.78,Grocery,0,normal
TX003710,ACC0024,MRC0034,2026-01-30 15:22:40,54.9,Pharmacy,0,normal
TX003711,ACC0015,MRC0022,2026-01-30 15:23:43,119.96,Fuel,0,normal
TX003712,ACC0056,MRC0013,2026-01-30 15:26:47,41.07,Pharmacy,0,normal
TX003713,ACC0026,MRC0007,2026-01-30 15:26:50,79.04,Transport,0,normal
TX003714,ACC0013,ACC0016,2026-01-30 15:28:10,62.37,Restaurant,0,normal
TX003715,ACC0014,MRC0000,2026-01-30 15:32:46,218.46,Transport,0,normal
TX003716,ACC0010,MRC0004,2026-01-30 15:40:17,139.21,Fuel,0,normal
TX003717,ACC0012,MRC0014,2026-01-30 15:43:04,88.44,Fuel,0,normal
TX003718,ACC0040,MRC0019,2026-01-30 15:46:45,31.98,Grocery,0,normal
TX003719,ACC0018,MRC0003,2026-01-30 15:51:05,467.06,Transport,0,normal
TX003720,ACC0001,MRC0016,2026-01-30 15:56:31,95.55,Fuel,0,normal
TX003721,ACC0034,MRC0010,2026-01-30 16:10:07,50.64,Restaurant,0,normal
TX003722,ACC0054,MRC0023,2026-01-30 16:18:02,180.24,Pharmacy,0,normal
TX003723,ACC0057,MRC0017,2026-01-30 16:21:44,46.56,Pharmacy,0,normal
TX003724,ACC0021,MRC0008,2026-01-30 16:25:27,33.39,Fuel,0,normal
TX003725,ACC0036,MRC0037,2026-01-30 16:31:35,62.42,Fuel,0,normal
TX003726,ACC0041,MRC0012,2026-01-30 16:40:18,154.61,Grocery,0,normal
TX003727,ACC0023,MRC0004,2026-01-30 16:41:56,122.04,Utilities,0,normal
TX003728,ACC0029,MRC0030,2026-01-30 16:47:50,129.24,Transport,0,normal
TX003729,ACC0022,MRC0022,2026-01-30 16:54:18,143.09,Grocery,0,normal
TX003730,ACC0049,MRC0002,2026-01-30 16:57:40,98.38,Utilities,0,normal
TX003731,ACC0053,MRC0039,2026-01-30 17:05:37,91.95,Transport,0,normal
TX003732,ACC0059,ACC0019,2026-01-30 17:08:02,272.38,Grocery,0,normal
TX003733,ACC0041,MRC0012,2026-01-30 17:11:19,82.55,Grocery,0,normal
TX003734,ACC0024,MRC0013,2026-01-30 17:13:47,91.88,Online Shop,0,normal
TX003735,ACC0023,MRC0004,2026-01-30 17:14:01,206.98,Transport,0,normal
TX003736,ACC0043,MRC0007,2026-01-30 17:26:15,60.34,Transport,0,normal
TX003737,ACC0030,MRC0005,2026-01-30 17:35:07,122.94,Transport,0,normal
TX003738,ACC0060,MRC0038,2026-01-30 17:44:01,211.9,Online Shop,0,normal
TX003739,ACC0049,MRC0002,2026-01-30 17:51:36,103.04,Pharmacy,0,normal
TX003740,ACC0044,MRC0011,2026-01-30 17:56:14,292.7,Utilities,0,normal
TX003741,ACC0020,MRC0009,2026-01-30 18:02:35,123.9,Online Shop,0,normal
TX003742,ACC0037,ACC0033,2026-01-30 18:04:30,70.69,Grocery,0,normal
TX003743,ACC0024,MRC0034,2026-01-30 18:18:45,76.05,Grocery,0,normal
TX003744,ACC0050,MRC0011,2026-01-30 18:21:37,70.57,Utilities,0,normal
TX003745,ACC0041,MRC0036,2026-01-30 18:22:36,82.27,Restaurant,0,normal
TX003746,ACC0046,ACC0057,2026-01-30 18:39:35,41.73,Online Shop,0,normal
TX003747,ACC0052,MRC0007,2026-01-30 18:40:07,37.56,Online Shop,0,normal
TX003748,ACC0018,MRC0003,2026-01-30 18:40:22,177.73,Fuel,0,normal
TX003749,ACC0003,MRC0029,2026-01-30 18:44:48,31.57,Online Shop,0,normal
TX003750,ACC0053,MRC0004,2026-01-30 18:46:29,124.35,Restaurant,0,normal
TX003751,ACC0052,MRC0007,2026-01-30 18:49:04,72.01,Fuel,0,normal
TX003752,ACC0007,MRC0021,2026-01-30 19:01:05,27.75,Grocery,0,normal
TX003753,ACC0039,MRC0005,2026-01-30 19:03:30,96.98,Grocery,0,normal
TX003754,ACC0004,MRC0020,2026-01-30 19:03:50,43.99,Transport,0,normal
TX003755,ACC0002,MRC0005,2026-01-30 19:52:28,18.45,Transport,0,normal
TX003756,ACC0059,MRC0019,2026-01-30 20:06:50,177.12,Online Shop,0,normal
TX003757,ACC0007,MRC0037,2026-01-30 20:31:09,25.78,Utilities,0,normal
TX003758,ACC0059,MRC0019,2026-01-30 21:04:21,130.75,Transport,0,normal
TX003759,ACC0053,MRC0022,2026-01-30 21:46:51,127.84,Transport,0,normal
TX003760,ACC0059,MRC0011,2026-01-30 21:58:12,136.1,Restaurant,0,normal
TX003761,ACC0021,MRC0008,2026-01-30 22:19:42,77.91,Transport,0,normal
TX003762,ACC0052,ACC0037,2026-01-30 22:33:33,38.77,Fuel,0,normal
